id,first_name,last_name,email,gender,ip_address,birthdate
1,Brigida,Courcey,bcourcey0@google.nl,Male,200.234.38.44,1988-03-30 16:36:28
2,Marylynne,Heminsley,mheminsley1@homestead.com,Agender,67.102.61.93,1993-04-03 15:11:40
3,Darline,Gayden,dgayden2@webeden.co.uk,Female,43.9.40.0,1970-06-24 10:23:33
4,Steven,Prattington,sprattington3@devhub.com,Polygender,222.56.154.187,1990-12-25 07:55:27
5,Sherye,Leving,sleving4@columbia.edu,Agender,154.216.69.215,1979-01-04 01:34:54
6,Georgi,Varah,gvarah5@shinystat.com,Bigender,70.85.77.221,1988-04-24 05:26:56
7,Keely,Snowsill,ksnowsill6@statcounter.com,Genderqueer,50.224.137.135,1991-05-21 11:46:39
8,Neely,Everex,neverex7@soundcloud.com,Polygender,48.20.135.231,1991-06-23 20:36:29
9,Alejandrina,Kinchley,akinchley8@auda.org.au,Bigender,148.47.10.68,1998-07-22 10:45:51
10,Morris,Bourbon,mbourbon9@weather.com,Non-binary,195.47.153.236,1993-10-05 04:18:13
11,Korrie,Pentlow,kpentlowa@geocities.com,Non-binary,115.123.31.71,1994-12-28 06:45:09
12,Brynna,Kerswill,bkerswillb@java.com,Genderfluid,228.21.54.99,1977-08-14 19:36:56
13,Ban,Grigori,bgrigoric@sakura.ne.jp,Agender,176.107.65.146,1998-02-03 06:56:31
14,Alecia,Jebb,ajebbd@businessweek.com,Male,29.162.249.25,1981-09-19 05:22:40
15,Katee,Castellone,kcastellonee@github.io,Male,44.49.141.105,1983-04-30 06:59:46
16,Ty,Sarjeant,tsarjeantf@pagesperso-orange.fr,Genderfluid,89.84.213.84,1982-07-07 05:35:57
17,Christoforo,Chomicz,cchomiczg@goodreads.com,Male,198.53.62.103,1997-08-18 16:32:22
18,Chandal,Cobbold,ccobboldh@squidoo.com,Agender,37.193.186.141,1973-12-17 00:11:24
19,Quintus,Aizlewood,qaizlewoodi@huffingtonpost.com,Genderfluid,95.221.52.100,2000-03-03 18:43:26
20,Judy,Berthouloume,jberthouloumej@chicagotribune.com,Bigender,205.27.59.40,1999-08-13 21:28:50
21,Gaynor,Dubique,gdubiquek@google.fr,Polygender,232.242.115.250,1999-03-30 15:01:00
22,Hartley,Glenwright,hglenwrightl@jimdo.com,Female,232.168.34.137,1989-10-08 08:26:56
23,Kerby,Colles,kcollesm@ustream.tv,Agender,171.252.2.210,1998-10-01 02:10:12
24,Farrand,Paolillo,fpaolillon@yelp.com,Male,128.37.0.143,1979-01-01 11:18:51
25,Gilberto,Hustings,ghustingso@bizjournals.com,Polygender,95.21.44.155,1982-07-21 05:06:33
26,Urbanus,Kubicek,ukubicekp@google.it,Genderfluid,231.102.230.191,1979-09-24 16:59:11
27,Magda,Musslewhite,mmusslewhiteq@slideshare.net,Genderfluid,70.33.238.217,1974-10-06 03:00:21
28,Liesa,Freathy,lfreathyr@wordpress.org,Genderfluid,236.132.173.194,2000-01-06 14:06:47
29,Derwin,Chace,dchaces@japanpost.jp,Agender,102.220.198.243,1972-10-05 11:00:00
30,Hildegaard,Widdup,hwiddupt@google.ca,Agender,239.106.72.21,1991-11-01 07:46:04
31,Myrwyn,Poytres,mpoytresu@domainmarket.com,Bigender,214.98.6.241,1987-06-20 14:40:43
32,Andriette,Kidde,akiddev@sitemeter.com,Male,115.112.116.0,1985-03-06 09:26:57
33,Kissiah,Willisch,kwillischw@tinypic.com,Polygender,255.72.63.22,1987-06-22 10:08:52
34,Worth,Fante,wfantex@irs.gov,Genderqueer,13.136.206.197,1990-07-22 05:10:12
35,Janina,Wigzell,jwigzelly@tamu.edu,Genderfluid,180.158.11.150,1975-11-14 04:06:20
36,Chaim,Caven,ccavenz@wunderground.com,Agender,115.25.141.35,1987-10-25 06:48:19
37,Ivar,Jozefiak,ijozefiak10@google.it,Non-binary,177.69.181.13,1972-09-11 19:32:51
38,Nap,Catanheira,ncatanheira11@dailymail.co.uk,Non-binary,110.200.75.174,1988-04-22 05:44:11
39,Odetta,Giamelli,ogiamelli12@umn.edu,Bigender,200.105.142.91,1974-07-17 22:00:02
40,Elisha,Amphlett,eamphlett13@businessweek.com,Polygender,38.187.112.218,1975-12-23 17:01:15
41,Elmer,Scrivinor,escrivinor14@ucsd.edu,Polygender,122.248.219.253,1975-03-14 23:45:41
42,Carlotta,Hellis,chellis15@weebly.com,Male,112.47.4.19,1997-02-09 19:45:27
43,Fanchette,Stedson,fstedson16@slashdot.org,Agender,51.34.104.185,1999-09-16 03:24:58
44,Demetre,Di Biagi,ddibiagi17@walmart.com,Genderqueer,84.116.10.189,1987-12-18 19:54:15
45,Valeda,Horning,vhorning18@fema.gov,Male,130.96.190.22,1996-01-08 12:13:26
46,Johna,Kubek,jkubek19@topsy.com,Bigender,49.203.203.147,1992-05-13 00:12:21
47,Quillan,Keighly,qkeighly1a@sun.com,Polygender,80.142.216.103,1997-04-29 14:28:35
48,Giffer,Sanbroke,gsanbroke1b@hao123.com,Genderfluid,243.28.38.3,1999-02-03 15:22:16
49,Lester,Belli,lbelli1c@1688.com,Genderqueer,150.150.242.165,1989-12-14 09:12:08
50,Horst,Huyhton,hhuyhton1d@sakura.ne.jp,Bigender,180.164.49.150,1985-08-10 22:27:09
51,Rozanna,Habbes,rhabbes1e@google.co.jp,Female,210.144.126.224,1985-10-13 16:32:50
52,Phillipp,Rowlings,prowlings1f@dyndns.org,Polygender,4.201.61.3,1993-08-18 11:38:55
53,Etan,Laurenz,elaurenz1g@theglobeandmail.com,Male,208.18.30.88,1984-07-19 06:52:08
54,Bobbi,Sauter,bsauter1h@a8.net,Non-binary,60.119.173.139,1981-08-06 12:45:15
55,Rourke,Dibbs,rdibbs1i@chronoengine.com,Polygender,138.54.53.99,1995-03-19 08:01:44
56,Jerry,Glanister,jglanister1j@stanford.edu,Bigender,129.196.101.242,1992-01-21 19:44:34
57,Abey,Currum,acurrum1k@shinystat.com,Bigender,19.157.185.31,1980-09-17 19:59:06
58,Matt,Scoullar,mscoullar1l@github.com,Female,227.189.73.129,1996-06-19 16:20:22
59,Wendie,Dettmar,wdettmar1m@hugedomains.com,Male,96.250.33.23,1982-12-13 13:36:43
60,Kate,Bowart,kbowart1n@comcast.net,Genderfluid,186.239.1.30,1993-12-21 00:31:02
61,Domenic,Isard,disard1o@hao123.com,Genderfluid,187.6.50.101,2000-02-29 22:27:13
62,Tedie,Plaister,tplaister1p@nytimes.com,Agender,94.196.102.34,1992-12-02 10:50:03
63,Egan,Stammer,estammer1q@sakura.ne.jp,Male,117.150.143.183,1976-09-06 23:59:45
64,Idalia,Kremer,ikremer1r@delicious.com,Agender,190.70.155.252,1970-08-25 19:10:41
65,Kev,Brunner,kbrunner1s@sun.com,Female,126.27.26.230,1991-11-02 02:02:22
66,Harry,Tofpik,htofpik1t@github.io,Male,24.178.69.196,1981-07-13 13:13:08
67,Alford,Windless,awindless1u@statcounter.com,Male,50.194.154.25,1995-10-21 01:50:30
68,Rhiamon,Aloigi,raloigi1v@nydailynews.com,Bigender,4.170.246.117,1983-06-12 13:28:08
69,Glyn,Proback,gproback1w@51.la,Agender,164.23.8.190,1985-06-22 14:26:11
70,Henriette,Losano,hlosano1x@fotki.com,Polygender,246.173.114.77,1979-04-20 16:58:05
71,Essy,Leaming,eleaming1y@seattletimes.com,Genderfluid,189.239.142.112,1976-01-11 08:43:29
72,Luke,Borrowman,lborrowman1z@dmoz.org,Non-binary,210.130.238.112,1987-08-08 11:49:22
73,Clyde,Stivani,cstivani20@noaa.gov,Polygender,246.154.7.218,1973-10-05 02:46:01
74,Chadd,Wakenshaw,cwakenshaw21@opera.com,Genderfluid,160.67.86.136,1975-09-02 21:35:24
75,Alena,Cornwall,acornwall22@yale.edu,Bigender,253.109.175.21,1981-03-25 21:51:51
76,Domenic,Birckmann,dbirckmann23@mtv.com,Male,61.90.2.58,1980-01-30 14:31:12
77,Ashby,Hoolaghan,ahoolaghan24@squidoo.com,Bigender,194.195.30.179,1975-03-17 17:42:26
78,Lula,Meah,lmeah25@bing.com,Agender,118.192.16.231,1990-05-16 19:54:13
79,Uriah,Kahen,ukahen26@biblegateway.com,Agender,156.62.123.89,1996-08-22 09:31:32
80,Dalenna,Taplin,dtaplin27@cyberchimps.com,Polygender,234.62.248.100,1982-11-04 02:36:03
81,Ladonna,Carus,lcarus28@instagram.com,Agender,215.1.129.85,1982-12-09 14:18:35
82,Cybil,Pinniger,cpinniger29@engadget.com,Male,227.47.8.252,1973-02-09 12:39:03
83,Tate,Dumblton,tdumblton2a@irs.gov,Female,118.99.70.25,1999-08-11 07:17:56
84,Clare,Croster,ccroster2b@cargocollective.com,Female,67.164.14.67,1973-01-25 11:52:22
85,Elmira,Briance,ebriance2c@usatoday.com,Polygender,35.85.132.202,1986-01-22 07:53:01
86,Raymond,Nisbet,rnisbet2d@ustream.tv,Male,54.7.67.187,1976-12-01 09:34:57
87,Dietrich,Adriano,dadriano2e@ted.com,Female,140.25.82.66,1981-02-14 03:10:03
88,Jodee,Kill,jkill2f@cdbaby.com,Bigender,79.52.158.144,1974-07-13 21:19:01
89,Sigismond,Bartlett,sbartlett2g@eventbrite.com,Polygender,60.135.35.158,1976-05-19 03:08:58
90,Tate,Meggison,tmeggison2h@parallels.com,Agender,100.153.212.131,1993-01-07 14:31:56
91,Olenka,Elderidge,oelderidge2i@pcworld.com,Genderqueer,13.147.38.218,1975-08-09 23:36:16
92,Giuseppe,Sturte,gsturte2j@wikipedia.org,Non-binary,189.51.28.7,1973-02-04 15:47:04
93,Sean,McIlhatton,smcilhatton2k@marketwatch.com,Genderfluid,118.77.148.64,1979-06-25 11:18:54
94,Bride,Handrick,bhandrick2l@storify.com,Male,47.81.45.204,1993-03-26 03:10:09
95,De witt,Tomaschke,dtomaschke2m@engadget.com,Female,148.253.132.225,1986-12-14 10:05:11
96,Jillana,McKeaveney,jmckeaveney2n@eventbrite.com,Male,249.202.37.60,1980-11-05 22:16:39
97,Bartolomeo,Shitliffe,bshitliffe2o@fda.gov,Genderfluid,161.243.178.23,1999-01-31 04:54:14
98,Sandy,Olyff,solyff2p@cbc.ca,Female,248.39.205.97,1989-05-18 13:14:41
99,Rosaline,Braunes,rbraunes2q@skype.com,Polygender,7.200.25.151,1983-06-28 11:03:54
100,Ailbert,Gallemore,agallemore2r@blogger.com,Agender,176.106.110.229,1987-01-23 19:21:15
101,Car,Keeley,ckeeley2s@army.mil,Bigender,100.79.150.51,1986-09-26 23:02:46
102,Chic,Sorrel,csorrel2t@wisc.edu,Female,12.121.58.47,1991-10-07 21:36:14
103,Damon,Zanuciolii,dzanuciolii2u@ibm.com,Genderqueer,139.22.173.136,1990-04-09 07:33:16
104,Keven,Gildroy,kgildroy2v@etsy.com,Female,61.132.74.141,1995-08-18 05:07:42
105,Kurtis,Thrower,kthrower2w@scientificamerican.com,Agender,103.191.203.23,1980-02-02 20:11:58
106,Elyssa,Soden,esoden2x@globo.com,Female,250.202.174.31,1990-10-24 08:10:42
107,Paula,Lewens,plewens2y@about.com,Non-binary,205.52.216.58,1974-06-18 20:58:20
108,Hersh,O'Scanlan,hoscanlan2z@answers.com,Genderqueer,155.8.218.233,1992-12-30 01:19:14
109,Cristy,Olivie,colivie30@alexa.com,Male,59.170.13.195,1974-07-04 04:54:17
110,Gusta,Shaxby,gshaxby31@addthis.com,Bigender,49.16.8.30,1980-01-22 17:24:58
111,Latrena,Lorence,llorence32@usnews.com,Non-binary,241.116.134.233,1974-11-10 15:55:57
112,Alfy,Dik,adik33@indiatimes.com,Genderqueer,140.182.160.92,1990-01-07 02:44:36
113,Pierce,Manser,pmanser34@nih.gov,Genderqueer,223.190.168.89,1974-12-23 13:38:20
114,Gerome,Lympenie,glympenie35@bizjournals.com,Female,255.155.221.19,1997-02-03 01:52:24
115,Oralle,Di Bernardo,odibernardo36@sphinn.com,Bigender,147.86.238.15,1993-09-01 00:20:52
116,Meryl,Messager,mmessager37@seattletimes.com,Genderfluid,76.79.249.198,1997-08-31 05:33:11
117,Dynah,Jacke,djacke38@netvibes.com,Agender,76.147.235.208,1985-08-18 07:16:23
118,Nikola,Coveny,ncoveny39@etsy.com,Polygender,121.1.113.80,1994-08-05 10:37:57
119,Murvyn,Kinzett,mkinzett3a@mit.edu,Male,8.57.129.129,1984-11-27 15:21:49
120,Pat,Dummer,pdummer3b@tiny.cc,Polygender,231.162.65.89,1979-07-17 03:09:46
121,Brockie,Noweak,bnoweak3c@hibu.com,Female,181.62.8.131,1970-07-15 19:55:02
122,Cory,Wrack,cwrack3d@wsj.com,Agender,230.227.174.187,1971-01-20 15:08:42
123,Tori,Pegler,tpegler3e@ovh.net,Male,238.160.243.218,1992-02-07 03:11:45
124,Mariette,Toffolini,mtoffolini3f@hugedomains.com,Male,87.134.128.74,1998-02-07 12:25:21
125,Norton,Stainer,nstainer3g@dailymail.co.uk,Female,174.165.114.236,1998-02-27 13:06:00
126,Micah,Killford,mkillford3h@bbb.org,Bigender,133.78.26.157,1976-10-15 22:54:55
127,Jean,Varfolomeev,jvarfolomeev3i@ihg.com,Non-binary,244.116.100.222,1984-05-15 19:17:51
128,Yule,Leasor,yleasor3j@china.com.cn,Bigender,142.171.176.28,1978-03-19 06:25:20
129,Rayna,Mum,rmum3k@earthlink.net,Male,206.8.30.230,1970-10-29 04:48:07
130,Carson,Westwood,cwestwood3l@java.com,Female,114.102.0.193,1980-01-20 17:37:43
131,Howey,McNicol,hmcnicol3m@walmart.com,Polygender,131.159.72.22,1990-04-17 14:37:03
132,Archie,Fountian,afountian3n@nih.gov,Genderqueer,62.96.19.106,1978-07-18 11:29:49
133,Kurt,Tight,ktight3o@census.gov,Polygender,253.241.118.117,1991-09-04 11:06:14
134,Christoforo,Raithby,craithby3p@samsung.com,Genderfluid,49.128.90.82,2000-03-05 22:20:10
135,Tedra,Lawrie,tlawrie3q@jiathis.com,Non-binary,121.203.179.181,1985-02-18 13:08:53
136,Dareen,Arnet,darnet3r@fc2.com,Female,5.237.77.232,1979-07-08 05:19:03
137,Kimmy,Bevans,kbevans3s@deliciousdays.com,Bigender,82.169.68.246,1991-12-19 02:26:07
138,Tammy,Duly,tduly3t@homestead.com,Female,77.34.74.169,1983-10-06 21:41:03
139,Skelly,Sycamore,ssycamore3u@twitter.com,Female,200.32.129.25,1999-06-25 17:50:43
140,Dallas,Piddlehinton,dpiddlehinton3v@amazon.co.uk,Genderfluid,107.67.199.50,1989-12-07 22:03:26
141,Arman,Hurne,ahurne3w@pcworld.com,Bigender,215.132.98.217,1971-08-17 10:03:06
142,Hakeem,Lydster,hlydster3x@flickr.com,Female,233.130.167.146,1989-09-21 05:21:17
143,Melva,Kidde,mkidde3y@cafepress.com,Agender,98.166.25.220,1993-12-12 19:35:45
144,Dede,Cuniffe,dcuniffe3z@shutterfly.com,Genderqueer,31.225.25.113,1970-10-28 07:20:59
145,Gratia,Asipenko,gasipenko40@t.co,Genderqueer,30.199.250.93,1993-06-24 02:58:04
146,Iorgo,Patifield,ipatifield41@e-recht24.de,Genderfluid,38.3.91.242,1993-11-15 12:56:16
147,Nobe,Judgkins,njudgkins42@jalbum.net,Genderqueer,46.108.30.231,1978-12-02 03:08:16
148,Willa,Simla,wsimla43@ezinearticles.com,Polygender,200.233.12.203,1987-08-03 21:13:26
149,Glenda,Andrzejowski,gandrzejowski44@biblegateway.com,Polygender,213.102.157.3,1973-12-05 07:48:23
150,Saunderson,Bickers,sbickers45@cloudflare.com,Genderfluid,215.0.104.185,1972-04-05 09:52:33
151,Gretel,MacKaile,gmackaile46@msn.com,Male,123.55.137.239,1972-12-18 19:35:26
152,Garvin,Eynaud,geynaud47@marketwatch.com,Male,189.218.1.193,1993-03-13 00:07:16
153,Sharona,Mary,smary48@163.com,Genderqueer,89.65.25.55,1998-06-15 13:27:06
154,Marquita,Mallinar,mmallinar49@google.co.uk,Genderfluid,244.189.35.232,1976-12-25 18:22:29
155,Jorie,Eplett,jeplett4a@sakura.ne.jp,Polygender,200.173.110.41,1996-08-08 18:05:39
156,Novelia,Baines,nbaines4b@yandex.ru,Agender,57.179.189.133,1988-03-18 04:14:39
157,Carlen,Howgate,chowgate4c@sohu.com,Genderqueer,173.210.60.95,1971-06-28 04:29:01
158,Kass,Durtnall,kdurtnall4d@chron.com,Bigender,152.161.18.166,1978-06-20 23:32:09
159,Rafferty,Halso,rhalso4e@msu.edu,Genderfluid,82.43.158.78,1986-05-31 02:52:47
160,Mira,Conen,mconen4f@networkadvertising.org,Genderqueer,122.113.156.153,1983-10-18 23:19:44
161,Karalynn,Wallentin,kwallentin4g@chron.com,Bigender,189.170.5.75,1971-02-14 07:06:07
162,Goldie,Izatson,gizatson4h@army.mil,Male,21.127.249.42,1989-07-10 00:44:18
163,Grover,Weich,gweich4i@smh.com.au,Female,221.170.144.58,1992-07-06 16:18:43
164,Spencer,Boole,sboole4j@360.cn,Polygender,85.141.121.56,1988-07-31 04:36:30
165,Ganny,Hamlington,ghamlington4k@bloomberg.com,Female,184.42.197.95,1984-01-07 00:54:59
166,Ailbert,Buret,aburet4l@washington.edu,Female,130.241.60.75,1999-01-22 17:43:54
167,Irving,Sarton,isarton4m@geocities.jp,Agender,3.245.188.126,1995-11-07 12:17:48
168,Conn,Killen,ckillen4n@xinhuanet.com,Genderfluid,16.6.127.241,1993-10-31 12:41:22
169,Hillie,Collingworth,hcollingworth4o@answers.com,Polygender,129.116.77.125,1971-10-27 21:48:32
170,Franky,Lukovic,flukovic4p@1688.com,Polygender,51.112.76.133,1982-09-10 10:26:07
171,Conrade,Axby,caxby4q@mysql.com,Non-binary,47.33.135.185,1982-07-11 17:19:31
172,Gilbertine,Karlmann,gkarlmann4r@photobucket.com,Polygender,198.194.9.5,2000-03-06 00:00:39
173,Zachary,Tomlin,ztomlin4s@prnewswire.com,Polygender,78.59.51.92,1972-07-14 22:34:25
174,Gertrude,Gammidge,ggammidge4t@slideshare.net,Bigender,119.216.33.2,1976-03-07 08:09:05
175,Bobette,Bailey,bbailey4u@plala.or.jp,Female,130.110.80.182,1992-08-25 07:49:42
176,Igor,Lowden,ilowden4v@domainmarket.com,Agender,230.233.222.207,1984-06-02 09:08:56
177,Tansy,Alcide,talcide4w@ow.ly,Genderfluid,130.73.163.237,1989-03-29 14:56:30
178,Osbourn,Fann,ofann4x@hugedomains.com,Polygender,211.114.154.133,1979-12-17 12:38:14
179,Nedda,Dislee,ndislee4y@walmart.com,Male,204.38.53.69,1997-09-23 07:48:08
180,Frazer,Kinleyside,fkinleyside4z@unicef.org,Genderqueer,182.223.44.254,1987-06-09 15:08:31
181,Kandy,Levy,klevy50@sciencedaily.com,Genderqueer,153.69.35.62,1983-01-19 13:02:55
182,Isa,Weatherburn,iweatherburn51@gravatar.com,Genderfluid,106.20.135.57,1993-08-19 10:37:43
183,Hervey,Dary,hdary52@cbslocal.com,Non-binary,12.133.129.34,1973-06-18 17:49:35
184,Vasilis,Bleackley,vbleackley53@qq.com,Agender,176.35.190.188,1992-04-28 14:59:35
185,Craggie,Brims,cbrims54@i2i.jp,Female,30.223.135.246,1971-08-12 00:19:18
186,Inge,D'eye,ideye55@ustream.tv,Female,102.172.53.110,1971-04-22 15:23:59
187,Cortie,Yurivtsev,cyurivtsev56@wix.com,Female,66.8.243.117,1983-05-15 04:20:01
188,Cale,Gerred,cgerred57@acquirethisname.com,Male,131.245.161.228,1988-07-05 14:23:51
189,Roderick,Mullin,rmullin58@vkontakte.ru,Agender,166.198.249.191,1994-05-09 18:29:15
190,Dominik,Pack,dpack59@paypal.com,Bigender,30.52.86.35,1997-01-24 12:37:37
191,Marc,Elcocks,melcocks5a@aol.com,Female,251.189.188.223,1985-01-14 20:07:58
192,Page,Cloonan,pcloonan5b@themeforest.net,Genderqueer,1.191.246.21,1989-12-20 05:03:25
193,Waverley,Cornford,wcornford5c@sphinn.com,Bigender,62.79.191.25,1996-03-08 10:12:36
194,Crysta,Dovey,cdovey5d@narod.ru,Genderfluid,30.54.221.180,1974-11-14 02:53:33
195,Alan,ducarme,aducarme5e@tiny.cc,Genderfluid,220.22.72.145,1981-12-24 08:26:22
196,Denver,Grist,dgrist5f@mashable.com,Male,120.207.0.215,1999-11-17 14:28:56
197,Esme,Lansdown,elansdown5g@microsoft.com,Bigender,230.188.222.43,1972-07-25 23:18:15
198,Adore,Thurlborn,athurlborn5h@imageshack.us,Genderqueer,82.37.224.166,1979-01-23 22:18:56
199,Anne-corinne,Jarley,ajarley5i@theguardian.com,Genderqueer,43.34.159.160,1971-01-18 11:26:10
200,Kerwinn,Cook,kcook5j@wisc.edu,Female,95.133.164.146,1979-07-05 13:05:00
201,Jemimah,Tenny,jtenny5k@barnesandnoble.com,Bigender,40.115.167.191,1986-05-08 12:31:20
202,Tobit,Killingbeck,tkillingbeck5l@cornell.edu,Agender,40.229.47.163,1993-07-04 18:48:50
203,Maria,Handrock,mhandrock5m@pbs.org,Bigender,199.142.82.232,1993-05-29 04:32:13
204,Rodina,Mathivon,rmathivon5n@tiny.cc,Bigender,125.158.239.195,1970-12-19 20:48:03
205,Lynda,Brunker,lbrunker5o@state.tx.us,Female,173.33.114.155,1970-06-01 08:27:46
206,Worthy,Catterall,wcatterall5p@ow.ly,Bigender,172.12.125.240,1980-10-30 19:05:51
207,Glori,McLinden,gmclinden5q@umich.edu,Genderqueer,224.132.116.98,1978-02-19 08:48:18
208,Anthia,Chyuerton,achyuerton5r@auda.org.au,Genderqueer,87.154.98.141,1989-09-08 07:30:13
209,Martha,Idwal Evans,midwalevans5s@usa.gov,Non-binary,242.234.45.123,1999-03-19 08:50:24
210,Dill,St. Clair,dstclair5t@businesswire.com,Bigender,14.195.137.161,1980-04-09 07:55:04
211,Florentia,Philcott,fphilcott5u@alibaba.com,Bigender,179.92.142.207,1978-07-25 03:29:55
212,Basile,Perulli,bperulli5v@telegraph.co.uk,Female,112.182.240.169,1988-04-15 13:57:37
213,Kiri,Thraves,kthraves5w@mac.com,Male,45.185.110.14,1989-10-21 06:04:05
214,Margy,Mouncey,mmouncey5x@opera.com,Agender,215.222.162.196,1982-09-30 11:22:15
215,Twila,Shernock,tshernock5y@netlog.com,Male,139.12.86.242,1998-07-30 06:22:30
216,Manon,Bangs,mbangs5z@youtube.com,Female,48.101.49.66,1998-09-26 02:48:46
217,Garald,Lancashire,glancashire60@ftc.gov,Non-binary,92.6.46.57,1991-03-13 09:44:11
218,Haley,Lovstrom,hlovstrom61@facebook.com,Male,235.3.223.141,1979-09-20 13:42:12
219,Nara,Tunnick,ntunnick62@sohu.com,Non-binary,26.168.110.250,1986-10-31 05:57:32
220,Jarvis,Hillam,jhillam63@shutterfly.com,Female,255.185.219.139,1982-06-25 17:39:25
221,Ysabel,Maypole,ymaypole64@pinterest.com,Bigender,206.0.191.177,1976-08-24 23:42:04
222,Ethe,Hun,ehun65@dion.ne.jp,Bigender,18.198.203.176,1975-09-01 01:38:54
223,Linn,Ziehm,lziehm66@weebly.com,Genderfluid,118.186.84.29,1988-06-07 08:56:38
224,Gavrielle,Cadagan,gcadagan67@paypal.com,Male,76.56.39.210,1986-07-05 15:40:56
225,Sidonnie,Rodda,srodda68@indiegogo.com,Female,8.213.191.167,1976-01-20 22:08:24
226,Christophorus,Chataignier,cchataignier69@tumblr.com,Polygender,31.244.214.76,1979-12-30 08:00:33
227,Bo,Marklew,bmarklew6a@dedecms.com,Polygender,227.212.194.40,1994-08-17 18:03:27
228,Mischa,Venable,mvenable6b@amazon.co.uk,Agender,94.252.171.139,1993-09-07 11:43:45
229,Silvia,Bunston,sbunston6c@ovh.net,Genderqueer,18.15.46.107,1987-12-14 03:21:53
230,Giles,Coster,gcoster6d@whitehouse.gov,Agender,155.240.144.156,1986-05-14 09:34:25
231,Hobie,Lickess,hlickess6e@mac.com,Genderqueer,239.15.126.115,1977-01-20 16:07:43
232,Berne,Haws,bhaws6f@smh.com.au,Male,163.134.39.222,1988-08-09 18:58:40
233,Alexa,Leve,aleve6g@china.com.cn,Female,32.26.104.31,1986-12-11 22:17:35
234,Byran,Castles,bcastles6h@furl.net,Male,70.212.160.224,1998-09-04 17:23:11
235,Cinda,Moorman,cmoorman6i@salon.com,Agender,101.86.215.106,1978-09-04 12:30:26
236,Stephannie,Davydkov,sdavydkov6j@liveinternet.ru,Genderfluid,115.77.116.39,1975-04-09 23:34:23
237,Rem,Curzon,rcurzon6k@sourceforge.net,Genderfluid,126.88.133.213,1975-04-19 11:13:28
238,Sidoney,Gliddon,sgliddon6l@shinystat.com,Male,75.19.253.172,1986-02-15 06:21:27
239,Conrad,Bocke,cbocke6m@printfriendly.com,Non-binary,124.182.108.95,1994-04-16 19:08:59
240,Danika,Passmore,dpassmore6n@nature.com,Non-binary,223.246.132.173,1993-08-20 22:43:20
241,Kiley,Troke,ktroke6o@google.co.jp,Genderfluid,223.19.191.10,1973-03-23 22:20:17
242,Collen,Casajuana,ccasajuana6p@goo.ne.jp,Genderqueer,188.36.85.126,1988-09-01 01:16:03
243,Park,Marconi,pmarconi6q@moonfruit.com,Bigender,116.180.25.192,1996-04-11 15:27:49
244,Kip,Hearfield,khearfield6r@webs.com,Agender,224.180.96.38,1974-06-23 15:22:08
245,Aldric,Janout,ajanout6s@dion.ne.jp,Genderfluid,192.176.233.125,1974-10-22 03:33:31
246,Doy,Cockings,dcockings6t@webnode.com,Male,58.51.208.4,1992-01-20 20:07:57
247,Pren,Beldom,pbeldom6u@mac.com,Genderqueer,184.230.130.55,1985-04-20 02:44:59
248,Conrade,Roglieri,croglieri6v@patch.com,Female,208.136.29.155,1988-08-14 23:07:29
249,Tristan,Towner,ttowner6w@earthlink.net,Genderfluid,100.245.120.113,1979-12-20 19:22:33
250,Darcey,Bruyet,dbruyet6x@elegantthemes.com,Non-binary,55.70.98.190,1981-10-22 01:11:43
251,Cristina,Valentelli,cvalentelli6y@goo.ne.jp,Male,184.129.117.58,1993-10-04 06:39:24
252,Myca,Lade,mlade6z@yahoo.co.jp,Agender,20.56.103.30,1977-12-25 03:09:13
253,Grissel,Mattisssen,gmattisssen70@forbes.com,Bigender,207.244.160.194,1991-02-03 21:51:15
254,Bailie,Tassaker,btassaker71@soup.io,Bigender,170.9.178.140,1971-01-22 14:04:09
255,Eddi,Roxburch,eroxburch72@hugedomains.com,Genderfluid,199.44.229.150,1997-11-22 10:19:42
256,Alana,Poppy,apoppy73@nasa.gov,Genderqueer,128.183.131.207,1979-09-27 19:52:31
257,Wes,Kleeborn,wkleeborn74@vk.com,Agender,28.198.104.54,1983-09-26 19:21:01
258,Daphna,Kleinbaum,dkleinbaum75@washington.edu,Female,140.63.59.105,1998-04-04 07:34:00
259,Wald,Bailes,wbailes76@oracle.com,Agender,75.75.106.108,1983-11-29 15:32:35
260,Cleo,Trevance,ctrevance77@usa.gov,Agender,44.214.221.217,1973-03-01 06:15:51
261,Paulina,Yoslowitz,pyoslowitz78@discuz.net,Genderfluid,21.212.64.218,1988-09-27 22:36:06
262,Giff,Gilding,ggilding79@cornell.edu,Agender,209.221.235.220,1998-10-24 04:36:49
263,Findley,Cadany,fcadany7a@newyorker.com,Non-binary,187.89.171.34,1994-12-02 10:53:57
264,Amye,Dionis,adionis7b@mediafire.com,Male,189.28.75.24,1996-07-07 00:27:32
265,Devy,Edmands,dedmands7c@friendfeed.com,Genderqueer,122.205.228.61,1994-11-04 03:26:43
266,Mickie,Fairholme,mfairholme7d@myspace.com,Genderfluid,230.104.207.93,1970-06-12 14:57:06
267,Nola,Dow,ndow7e@photobucket.com,Genderfluid,192.98.252.193,1985-12-21 14:58:37
268,Marianne,Jeal,mjeal7f@earthlink.net,Polygender,166.15.54.63,1970-03-16 19:44:01
269,Clair,Sadry,csadry7g@virginia.edu,Female,41.38.140.156,1977-11-26 00:31:37
270,Esta,Camps,ecamps7h@indiatimes.com,Female,254.243.131.207,1984-02-25 17:48:05
271,Geneva,McGuckin,gmcguckin7i@jigsy.com,Genderfluid,237.159.64.210,1996-03-12 22:04:49
272,Micki,Piff,mpiff7j@wufoo.com,Bigender,77.170.70.200,1981-01-20 15:27:46
273,Lizbeth,Archambault,larchambault7k@barnesandnoble.com,Male,206.63.167.32,1979-11-10 07:17:11
274,Ugo,Ishak,uishak7l@dedecms.com,Polygender,58.227.129.206,1986-10-16 09:17:13
275,Anthe,Aspray,aaspray7m@google.cn,Bigender,12.78.185.107,1999-05-25 06:30:52
276,Salaidh,Hasty,shasty7n@cdc.gov,Polygender,78.251.7.83,1986-10-07 06:06:34
277,Rogerio,Yewman,ryewman7o@va.gov,Female,59.113.177.169,1986-10-19 02:52:37
278,Jeanette,Marriott,jmarriott7p@scientificamerican.com,Genderfluid,100.171.182.47,1997-11-20 17:34:57
279,Wendy,Ballin,wballin7q@gizmodo.com,Bigender,160.174.130.228,1976-10-01 16:32:18
280,Kaylee,Gilston,kgilston7r@123-reg.co.uk,Bigender,65.210.109.187,1987-12-18 17:42:12
281,Lillian,Cattellion,lcattellion7s@simplemachines.org,Bigender,216.175.186.113,1987-06-19 11:28:26
282,Reggie,Winfindale,rwinfindale7t@topsy.com,Bigender,111.11.112.21,1987-01-03 09:30:55
283,Marlena,Polsin,mpolsin7u@earthlink.net,Bigender,250.140.95.143,1996-01-27 16:08:03
284,Mehetabel,Sokill,msokill7v@tripadvisor.com,Male,199.84.169.155,1991-05-16 23:34:44
285,Lorne,Kirkness,lkirkness7w@nhs.uk,Female,169.107.101.90,1971-07-31 11:43:52
286,Clayson,Neiland,cneiland7x@about.com,Non-binary,215.133.32.73,1993-07-03 01:13:50
287,Darwin,Creedland,dcreedland7y@microsoft.com,Bigender,81.221.243.44,1996-11-16 02:59:09
288,Phillip,Dumblton,pdumblton7z@imdb.com,Bigender,89.172.118.255,1997-12-20 04:09:19
289,Harry,Firminger,hfirminger80@latimes.com,Male,141.196.223.145,1971-08-28 17:08:21
290,Bili,Double,bdouble81@mail.ru,Bigender,34.6.221.193,1984-06-26 02:08:45
291,Stefa,Tolhurst,stolhurst82@barnesandnoble.com,Genderfluid,240.219.7.172,1986-12-03 02:26:04
292,Kare,Ingledew,kingledew83@sourceforge.net,Agender,21.120.36.68,1990-09-27 05:29:30
293,Brandy,Plail,bplail84@last.fm,Bigender,244.12.188.64,1991-07-20 13:59:03
294,Sandi,Giraudat,sgiraudat85@360.cn,Female,227.253.249.107,1981-07-18 06:24:56
295,Emmy,De Michetti,edemichetti86@examiner.com,Male,171.235.144.97,1996-05-07 01:08:26
296,Abbot,Farquarson,afarquarson87@springer.com,Non-binary,6.133.120.249,1977-02-13 22:23:36
297,Romain,McNaughton,rmcnaughton88@mapquest.com,Polygender,51.143.16.217,1974-10-06 15:17:26
298,Katlin,Lorriman,klorriman89@toplist.cz,Bigender,212.181.131.179,1989-05-30 06:01:42
299,Jephthah,Eccersley,jeccersley8a@technorati.com,Genderqueer,158.117.195.233,1984-04-12 12:45:26
300,Venus,Streatfeild,vstreatfeild8b@skype.com,Genderfluid,44.193.185.161,1995-09-28 15:19:43
301,Nadya,Regina,nregina8c@diigo.com,Genderfluid,94.109.87.52,1988-07-30 12:44:40
302,Ragnar,Anderson,randerson8d@goo.ne.jp,Female,255.220.207.26,1980-09-23 08:53:17
303,Melanie,Georgot,mgeorgot8e@flickr.com,Genderqueer,185.130.37.41,1995-10-12 23:45:32
304,Ron,Cameron,rcameron8f@amazonaws.com,Female,237.109.84.135,1996-06-17 10:51:48
305,Gus,Heinl,gheinl8g@phoca.cz,Agender,99.206.151.94,1975-07-14 23:22:57
306,Barby,Lensch,blensch8h@unicef.org,Bigender,248.87.187.189,1977-05-15 12:27:39
307,Dannel,Bucklee,dbucklee8i@nasa.gov,Non-binary,239.19.220.28,1985-08-11 23:05:01
308,Arvie,Yushkov,ayushkov8j@gravatar.com,Female,214.140.90.195,1988-03-10 13:14:40
309,Jedediah,Palle,jpalle8k@toplist.cz,Non-binary,2.60.200.158,1980-03-20 05:27:37
310,Aloysia,Swindells,aswindells8l@weather.com,Polygender,243.127.249.240,1981-01-20 06:05:07
311,Scotti,Booty,sbooty8m@moonfruit.com,Non-binary,200.210.60.139,1976-03-04 21:49:04
312,Violette,Stanner,vstanner8n@etsy.com,Agender,4.103.10.92,1990-10-09 17:43:18
313,Humphrey,Gillson,hgillson8o@pen.io,Bigender,39.8.136.101,1972-03-30 10:22:05
314,Lyndsey,Tressler,ltressler8p@vimeo.com,Genderqueer,230.160.77.83,1976-03-04 05:39:52
315,Perrine,Martygin,pmartygin8q@webnode.com,Genderqueer,222.233.247.50,1987-06-25 06:41:33
316,Efren,Parrish,eparrish8r@si.edu,Polygender,164.66.150.197,1988-05-18 10:24:09
317,Adina,Van Geffen,avangeffen8s@ycombinator.com,Agender,222.32.80.173,1996-05-25 07:30:59
318,Muriel,Argo,margo8t@drupal.org,Polygender,71.5.84.115,1978-06-27 07:09:21
319,Martie,Petofi,mpetofi8u@ihg.com,Bigender,243.224.230.137,1976-05-05 14:27:25
320,Slade,Lamcken,slamcken8v@hubpages.com,Genderfluid,110.232.39.180,1980-10-09 15:01:14
321,Edvard,Angless,eangless8w@google.nl,Male,222.39.57.237,1994-07-06 12:52:45
322,Antony,Houndson,ahoundson8x@artisteer.com,Bigender,234.87.80.79,1978-10-14 18:48:52
323,Sloan,Pirrey,spirrey8y@eepurl.com,Genderfluid,46.7.255.123,1982-07-20 08:49:51
324,Johan,Warboy,jwarboy8z@washingtonpost.com,Genderqueer,221.130.198.156,1970-11-27 19:54:50
325,Eliza,Pert,epert90@typepad.com,Male,146.254.216.43,1984-06-22 03:22:31
326,Bevvy,Phillipp,bphillipp91@yandex.ru,Female,198.252.55.186,1987-05-18 23:04:18
327,Alidia,Minghella,aminghella92@cyberchimps.com,Non-binary,208.54.139.101,1982-06-02 00:52:56
328,Laurie,Pickavance,lpickavance93@so-net.ne.jp,Genderfluid,63.63.150.255,1999-07-16 02:33:36
329,Maressa,Emm,memm94@imageshack.us,Bigender,168.241.140.230,1977-07-18 14:30:04
330,Eolanda,Backhurst,ebackhurst95@cnbc.com,Agender,159.71.237.176,1994-07-14 17:49:58
331,Josey,Breadon,jbreadon96@nymag.com,Genderqueer,254.50.219.201,1976-12-20 15:22:21
332,Eamon,McIleen,emcileen97@t.co,Male,202.123.45.76,1988-02-23 23:37:45
333,Madel,Crush,mcrush98@csmonitor.com,Bigender,72.83.94.67,1975-06-02 19:16:28
334,Margalo,Cankett,mcankett99@youtu.be,Male,236.93.31.112,1997-09-25 17:29:46
335,Anselma,Mayall,amayall9a@studiopress.com,Polygender,46.110.230.219,1978-10-16 00:00:44
336,Cross,Bosence,cbosence9b@youtube.com,Genderqueer,175.25.190.184,1981-01-11 16:13:31
337,Jaclin,Klasen,jklasen9c@blinklist.com,Female,201.174.34.194,1996-05-10 11:49:22
338,Rubi,Baston,rbaston9d@ca.gov,Male,69.51.189.156,1989-02-07 01:47:16
339,Allene,Udy,audy9e@addthis.com,Genderfluid,208.63.204.43,1978-03-26 09:33:36
340,Virgina,Fellgett,vfellgett9f@liveinternet.ru,Genderfluid,67.71.213.2,1994-03-04 22:21:30
341,Josefina,Chittim,jchittim9g@sphinn.com,Non-binary,16.196.175.253,1995-12-09 00:09:04
342,Cordi,Brockie,cbrockie9h@indiatimes.com,Genderfluid,60.191.106.188,1997-10-21 17:15:50
343,Hiram,Stanex,hstanex9i@squidoo.com,Non-binary,125.225.199.195,1999-08-29 16:09:39
344,Hodge,Thal,hthal9j@unesco.org,Female,215.134.216.137,1993-01-01 01:13:39
345,Christie,Withey,cwithey9k@apple.com,Bigender,166.35.17.72,1995-12-21 21:11:48
346,Darnall,Borwick,dborwick9l@feedburner.com,Non-binary,7.106.218.235,1999-10-17 11:41:11
347,Muffin,Brucker,mbrucker9m@github.io,Male,71.50.213.18,1980-12-15 01:41:03
348,Guenevere,Cowdroy,gcowdroy9n@ocn.ne.jp,Agender,168.41.9.24,1999-05-28 17:42:07
349,Antonio,Leneham,aleneham9o@delicious.com,Non-binary,98.52.252.51,1994-06-22 05:15:23
350,Ella,Portugal,eportugal9p@fda.gov,Polygender,90.251.218.94,1987-05-16 15:53:32
351,Franky,Mathivon,fmathivon9q@un.org,Agender,49.2.199.226,1995-12-21 20:36:18
352,Piotr,Seagrave,pseagrave9r@ox.ac.uk,Female,50.212.244.196,1989-09-02 21:18:54
353,Jessi,Ship,jship9s@economist.com,Genderfluid,189.1.11.33,1982-03-15 02:40:26
354,Danila,Leverette,dleverette9t@dedecms.com,Female,107.11.87.195,1986-01-10 09:37:27
355,Fania,Watton,fwatton9u@forbes.com,Non-binary,54.149.24.190,1990-09-21 06:37:52
356,Brodie,Case,bcase9v@adobe.com,Bigender,39.59.108.59,1987-03-28 20:25:36
357,Fidel,Najara,fnajara9w@umn.edu,Bigender,27.192.100.174,1995-09-02 12:56:59
358,De,Kirkhouse,dkirkhouse9x@google.co.jp,Bigender,208.196.87.189,1972-07-02 08:09:28
359,Hinze,Monteaux,hmonteaux9y@biblegateway.com,Non-binary,37.122.235.152,1996-11-12 01:00:05
360,Gene,Musicka,gmusicka9z@tinypic.com,Agender,26.151.134.120,1991-03-11 11:37:27
361,Murvyn,Gregine,mgreginea0@craigslist.org,Polygender,70.6.106.174,1997-12-14 00:05:24
362,Maitilde,Topper,mtoppera1@posterous.com,Female,152.198.109.144,1994-04-03 12:06:28
363,Berri,Rollings,brollingsa2@over-blog.com,Agender,55.112.131.224,1974-04-12 10:16:06
364,Adaline,Tittletross,atittletrossa3@google.es,Agender,103.94.144.109,1992-08-14 20:08:04
365,Horatia,Rediers,hrediersa4@creativecommons.org,Non-binary,91.254.11.175,1970-09-02 02:34:19
366,Janaye,Killich,jkillicha5@ycombinator.com,Polygender,228.148.127.75,1990-10-23 05:18:05
367,Judye,Heister,jheistera6@yale.edu,Genderfluid,121.220.189.16,1992-09-12 20:10:34
368,Chiquia,Flavelle,cflavellea7@netvibes.com,Female,241.78.201.245,1981-07-16 16:42:47
369,Caro,Cawthra,ccawthraa8@gov.uk,Genderqueer,29.55.236.237,1976-10-02 08:07:23
370,Eartha,Ghidetti,eghidettia9@phpbb.com,Bigender,143.120.195.77,1988-10-09 05:27:01
371,Caesar,Hagger,chaggeraa@parallels.com,Polygender,59.42.153.227,1990-02-02 12:16:02
372,Opal,Pimme,opimmeab@joomla.org,Bigender,28.121.243.132,1979-01-26 12:10:30
373,Rik,Stiven,rstivenac@youtube.com,Male,127.242.143.105,1989-11-04 09:43:45
374,Becky,Foley,bfoleyad@wordpress.com,Bigender,254.227.190.30,1984-07-17 00:45:54
375,Marian,Felstead,mfelsteadae@pagesperso-orange.fr,Agender,139.18.13.25,1979-10-16 00:58:44
376,Flin,Spellesy,fspellesyaf@cdbaby.com,Genderfluid,67.212.172.146,1983-09-06 06:02:48
377,Lani,Cranson,lcransonag@pinterest.com,Genderfluid,84.181.98.64,1986-12-27 17:51:53
378,Bourke,Thomason,bthomasonah@comsenz.com,Genderfluid,86.67.189.162,1988-03-28 08:05:46
379,Olvan,Wass,owassai@opensource.org,Agender,61.41.218.137,1978-04-29 17:08:03
380,Justinian,Pinare,jpinareaj@webs.com,Genderfluid,105.148.147.67,1997-05-12 08:52:40
381,Adelina,Bobasch,abobaschak@vk.com,Genderfluid,128.17.60.177,1976-06-25 11:13:52
382,Andros,Limerick,alimerickal@sourceforge.net,Agender,41.77.58.222,1987-04-04 08:17:53
383,Byron,Copo,bcopoam@theguardian.com,Genderfluid,24.42.92.79,1988-10-29 05:02:08
384,Darcy,Ceney,dceneyan@salon.com,Bigender,23.193.131.253,1974-02-26 07:16:02
385,Fleming,Harsent,fharsentao@123-reg.co.uk,Genderfluid,149.31.135.161,1978-08-19 07:45:37
386,Creighton,Filppetti,cfilppettiap@techcrunch.com,Agender,29.14.251.158,1976-10-26 15:33:07
387,Lanie,Vickers,lvickersaq@prlog.org,Polygender,18.198.120.162,1975-12-25 13:23:05
388,Winnie,Maden,wmadenar@epa.gov,Agender,208.18.200.115,1971-01-27 21:53:19
389,Ciro,Blais,cblaisas@google.nl,Polygender,153.243.238.35,1980-05-05 04:09:33
390,Iris,Astridge,iastridgeat@edublogs.org,Female,124.48.105.91,1986-02-16 05:19:51
391,Gerrie,Cornfoot,gcornfootau@4shared.com,Male,171.247.69.68,1970-03-16 08:37:31
392,Ferdinand,Hanse,fhanseav@issuu.com,Polygender,115.52.129.142,1991-03-16 10:27:26
393,Peg,Cobb,pcobbaw@ucoz.com,Non-binary,238.254.177.109,1973-11-15 23:40:46
394,Lexis,Brabyn,lbrabynax@about.me,Non-binary,131.202.57.9,1975-05-15 09:10:21
395,Christophe,Lamp,clampay@omniture.com,Agender,73.22.95.128,1977-07-23 02:45:25
396,Anthia,Mosedale,amosedaleaz@umich.edu,Male,91.58.110.108,1974-02-11 23:19:50
397,Devlen,Di Francecshi,ddifrancecshib0@nytimes.com,Genderqueer,235.17.83.36,1992-05-09 07:04:30
398,Myrtle,Denver,mdenverb1@miibeian.gov.cn,Male,26.222.142.66,2000-01-27 23:34:38
399,Mahmoud,Loyndon,mloyndonb2@symantec.com,Genderfluid,32.71.199.3,1975-02-19 03:08:34
400,Chrysa,Duddin,cduddinb3@virginia.edu,Genderqueer,103.191.209.199,1989-07-31 15:14:26
401,Bing,Bettley,bbettleyb4@ca.gov,Polygender,82.138.210.184,1978-02-06 03:00:28
402,Antonius,Gallelli,agallellib5@rakuten.co.jp,Male,218.40.4.165,1984-07-22 13:03:15
403,Maud,Edgecombe,medgecombeb6@github.com,Bigender,119.254.12.167,1978-12-28 02:43:51
404,Gilbertine,Tschirasche,gtschirascheb7@rediff.com,Genderfluid,129.224.144.141,1993-07-24 09:04:59
405,Horace,Lundberg,hlundbergb8@discovery.com,Genderfluid,103.250.171.240,1999-08-11 00:26:17
406,Ervin,Kornel,ekornelb9@theguardian.com,Genderfluid,42.222.90.145,1997-09-26 20:27:50
407,Gran,Clinton,gclintonba@gravatar.com,Genderfluid,178.245.42.45,1993-02-10 10:55:25
408,Hilario,Stormouth,hstormouthbb@howstuffworks.com,Bigender,184.143.146.111,1992-11-22 04:31:36
409,Jillene,Telling,jtellingbc@mozilla.org,Agender,136.227.150.154,1970-05-03 16:55:25
410,Hillie,Le Provest,hleprovestbd@kickstarter.com,Agender,206.2.90.115,1987-08-20 22:50:13
411,Dodi,Sinyard,dsinyardbe@stanford.edu,Polygender,197.54.162.216,1975-01-15 16:07:45
412,Sanderson,Mullett,smullettbf@addthis.com,Male,73.139.3.4,1987-10-19 01:16:37
413,Edlin,Tocknell,etocknellbg@pen.io,Bigender,86.170.56.6,1992-01-25 03:02:58
414,Dionis,Skinner,dskinnerbh@etsy.com,Non-binary,94.111.87.52,1989-08-14 09:02:05
415,Dwight,Absalom,dabsalombi@sciencedaily.com,Genderfluid,147.16.222.1,1981-07-05 12:34:02
416,Wally,Lalonde,wlalondebj@spiegel.de,Agender,96.204.131.191,1991-03-17 05:19:21
417,Zacharias,Bourner,zbournerbk@tumblr.com,Non-binary,215.152.173.95,1995-09-01 10:02:25
418,Jere,Dummer,jdummerbl@cdc.gov,Bigender,211.149.242.153,1984-09-20 21:59:28
419,Gray,Karlqvist,gkarlqvistbm@constantcontact.com,Genderfluid,88.241.209.18,1999-01-17 22:01:53
420,Roarke,Milier,rmilierbn@lycos.com,Female,222.210.224.196,1990-11-08 09:19:47
421,Mikey,Guard,mguardbo@amazon.com,Male,135.180.50.195,1995-02-16 01:27:10
422,Millard,Nerval,mnervalbp@dmoz.org,Male,254.2.147.72,1999-07-10 10:31:21
423,Dexter,Elster,delsterbq@tmall.com,Genderfluid,121.25.160.136,1996-02-21 23:49:36
424,Charlene,Woodfield,cwoodfieldbr@marketwatch.com,Genderqueer,190.61.223.254,1983-02-09 07:04:40
425,Antoni,Huckster,ahucksterbs@discuz.net,Bigender,193.50.107.217,1975-11-29 12:53:00
426,Loni,Billyeald,lbillyealdbt@woothemes.com,Polygender,238.135.218.39,1991-01-21 19:54:52
427,Adi,Kielt,akieltbu@jimdo.com,Non-binary,112.164.227.199,1999-07-09 08:11:45
428,Miran,Fowler,mfowlerbv@smugmug.com,Male,198.122.42.40,1972-06-30 07:59:02
429,Fairleigh,Lenaghen,flenaghenbw@joomla.org,Polygender,181.164.96.133,1981-11-11 11:54:42
430,Irv,Roskam,iroskambx@jalbum.net,Polygender,225.21.53.13,1990-07-08 03:12:56
431,Judith,Ponting,jpontingby@twitpic.com,Agender,9.8.239.196,1984-12-31 23:02:50
432,Brynna,Vanin,bvaninbz@skyrock.com,Male,229.20.22.156,1995-01-16 21:33:22
433,Lianna,Spurrior,lspurriorc0@eepurl.com,Genderqueer,62.125.30.65,1993-11-21 12:37:40
434,Horst,Ledgley,hledgleyc1@parallels.com,Polygender,43.69.24.34,1978-03-08 06:22:46
435,Salim,Jee,sjeec2@tripod.com,Agender,44.91.120.140,1985-02-03 13:24:29
436,Kath,Fouracre,kfouracrec3@usnews.com,Female,53.48.21.72,1980-06-08 03:08:22
437,Kessia,Dwelling,kdwellingc4@google.com.br,Male,171.201.185.59,1999-11-30 05:08:24
438,Eirena,Fiddy,efiddyc5@bloglines.com,Agender,4.80.4.175,1972-11-05 13:15:04
439,Abby,Lynam,alynamc6@google.pl,Female,24.237.205.116,1986-02-13 10:28:35
440,Gerek,Ondrus,gondrusc7@istockphoto.com,Female,253.217.218.5,1993-11-06 13:03:54
441,Lydon,Rennick,lrennickc8@ustream.tv,Agender,75.23.217.18,1999-03-14 02:12:46
442,Stanwood,Damrel,sdamrelc9@archive.org,Genderqueer,33.230.198.165,1999-08-08 12:31:21
443,Malissa,Shadbolt,mshadboltca@gizmodo.com,Agender,54.27.44.223,1987-04-04 16:53:12
444,Brantley,McFetrich,bmcfetrichcb@nhs.uk,Genderfluid,195.139.130.223,1973-01-13 12:43:38
445,Nilson,Allon,nalloncc@addthis.com,Bigender,60.86.202.128,1987-10-05 15:04:07
446,Donetta,Buxam,dbuxamcd@edublogs.org,Non-binary,52.24.167.181,1996-04-19 17:50:13
447,Willi,Starkey,wstarkeyce@addthis.com,Non-binary,145.192.132.1,1971-06-02 15:49:09
448,Riannon,Legan,rlegancf@icq.com,Genderqueer,28.139.4.106,1974-06-04 20:51:30
449,Nataniel,Roderigo,nroderigocg@omniture.com,Female,135.210.116.225,1988-02-16 03:48:45
450,Skipton,Tour,stourch@meetup.com,Male,38.40.206.214,2000-03-11 15:09:33
451,Christen,Dashwood,cdashwoodci@ezinearticles.com,Genderqueer,49.91.140.24,1993-08-22 05:41:05
452,Booth,Wandrich,bwandrichcj@hhs.gov,Genderfluid,133.113.75.209,1970-05-30 17:27:39
453,Devinne,Fulton,dfultonck@ibm.com,Non-binary,60.119.192.31,1979-10-14 00:32:13
454,Adriana,Wharin,awharincl@miitbeian.gov.cn,Polygender,81.155.234.105,1999-12-10 06:59:19
455,Lynn,Gayler,lgaylercm@cdc.gov,Female,71.135.223.120,1975-07-08 02:06:54
456,Camile,Bree,cbreecn@salon.com,Polygender,199.160.107.200,1997-12-18 20:46:18
457,Brana,Devigne,bdevigneco@jigsy.com,Genderqueer,26.119.202.172,1982-09-13 03:36:12
458,Muriel,Hainey,mhaineycp@sakura.ne.jp,Polygender,64.92.1.252,1983-09-15 13:28:34
459,Gustavo,Clapison,gclapisoncq@tinyurl.com,Male,204.172.246.187,1993-04-05 04:46:56
460,Kira,Teager,kteagercr@taobao.com,Female,134.112.102.128,1985-10-08 14:08:16
461,Corrine,Summergill,csummergillcs@privacy.gov.au,Genderqueer,4.248.192.79,1976-03-09 19:51:04
462,Lorrie,Browncey,lbrownceyct@dailymotion.com,Female,39.184.200.252,1977-09-07 23:20:31
463,Erma,Altree,ealtreecu@google.cn,Female,153.168.133.48,1985-12-09 11:53:27
464,Raynor,Bodell,rbodellcv@webs.com,Bigender,136.1.114.90,1981-11-04 23:37:15
465,Codie,Neeves,cneevescw@hostgator.com,Genderfluid,236.234.205.145,1976-09-03 16:22:08
466,Alexia,Lipscombe,alipscombecx@newyorker.com,Male,252.49.91.222,1983-07-28 22:57:25
467,Astrid,Macari,amacaricy@usatoday.com,Polygender,66.51.114.0,1992-08-11 12:25:31
468,Sunny,Leyden,sleydencz@seesaa.net,Female,111.87.226.55,1973-03-31 12:41:13
469,Georgeta,Lownsbrough,glownsbroughd0@google.co.jp,Female,96.202.49.186,1978-05-24 07:25:27
470,Janina,Lapre,jlapred1@ehow.com,Polygender,173.254.191.171,1974-10-17 13:57:58
471,Bil,Pavese,bpavesed2@google.ru,Female,240.232.181.147,1974-03-19 23:49:10
472,Claudio,Nabbs,cnabbsd3@com.com,Bigender,21.10.32.94,1978-10-19 08:36:38
473,Abeu,Coie,acoied4@jugem.jp,Female,71.141.93.58,2000-01-27 17:40:42
474,Berky,Babe,bbabed5@squidoo.com,Genderqueer,235.37.236.60,1996-03-13 09:28:15
475,Chan,Heaney,cheaneyd6@prnewswire.com,Non-binary,243.14.249.188,1970-08-30 15:11:50
476,Flint,Bricknall,fbricknalld7@php.net,Bigender,117.225.86.164,1991-03-02 03:38:06
477,Merna,Caddy,mcaddyd8@home.pl,Polygender,146.205.47.32,1985-01-30 06:28:08
478,Emlyn,Sands-Allan,esandsalland9@paginegialle.it,Male,74.9.76.58,1981-01-09 06:09:59
479,Arlie,Raft,araftda@wix.com,Genderqueer,173.194.169.143,1981-05-06 06:40:18
480,Ailina,Wheatcroft,awheatcroftdb@nydailynews.com,Female,6.213.107.107,1994-10-11 20:13:16
481,Ardath,Hucke,ahuckedc@discuz.net,Non-binary,105.184.123.43,1998-10-30 13:11:09
482,Brion,Poston,bpostondd@pinterest.com,Female,243.17.66.7,1983-12-19 01:19:30
483,Ezekiel,Miliffe,emiliffede@trellian.com,Non-binary,46.231.70.17,1975-07-19 11:13:36
484,Elinore,Peeke,epeekedf@yelp.com,Male,205.83.77.1,1983-05-31 08:25:25
485,Kirby,Verriour,kverriourdg@gravatar.com,Non-binary,49.238.237.143,1974-01-10 19:01:19
486,Pauly,Rivard,privarddh@hatena.ne.jp,Polygender,1.255.67.156,1979-01-27 02:43:47
487,Yolanthe,Fallawe,yfallawedi@soundcloud.com,Polygender,129.156.60.111,1985-02-13 13:09:12
488,Johan,Angove,jangovedj@xrea.com,Genderfluid,79.78.159.247,1977-01-02 16:08:30
489,Silvana,Gregh,sgreghdk@rambler.ru,Male,214.195.2.212,1989-05-04 11:45:50
490,Petronella,Lillistone,plillistonedl@foxnews.com,Non-binary,117.123.134.68,1984-07-17 15:54:18
491,Celestina,Raffels,craffelsdm@arstechnica.com,Female,19.225.163.215,1998-12-13 04:45:06
492,Staford,Keysel,skeyseldn@time.com,Non-binary,152.155.208.18,1986-09-29 17:21:12
493,Leilah,Pasterfield,lpasterfielddo@craigslist.org,Genderfluid,105.181.72.21,1984-03-04 10:28:56
494,Horatia,Turton,hturtondp@a8.net,Non-binary,128.80.195.180,1986-01-21 14:05:48
495,Marcos,Bewlie,mbewliedq@netlog.com,Bigender,38.73.82.123,1980-03-07 09:37:47
496,Simeon,Dullard,sdullarddr@xrea.com,Male,170.121.92.62,1983-05-08 17:39:18
497,Murial,Bullas,mbullasds@quantcast.com,Agender,168.120.4.218,1979-02-19 01:31:32
498,Rivi,Asker,raskerdt@furl.net,Agender,129.232.131.42,1983-10-31 15:30:40
499,Rania,Gledhall,rgledhalldu@51.la,Genderfluid,186.80.145.162,1984-10-31 06:25:23
500,Ruttger,Olesen,rolesendv@wp.com,Genderqueer,163.116.14.137,1976-10-15 01:52:30
501,Yvonne,Grewe,ygrewedw@wikimedia.org,Polygender,125.211.185.53,1988-01-30 19:11:29
502,Claudie,Menaul,cmenauldx@blogspot.com,Agender,159.196.135.118,1995-03-30 19:06:05
503,Odella,MacGilrewy,omacgilrewydy@dmoz.org,Agender,90.135.231.57,1975-06-30 16:59:24
504,Sarette,Durtnel,sdurtneldz@lycos.com,Female,21.84.190.151,1978-02-27 07:26:09
505,Robbi,Grinin,rgrinine0@guardian.co.uk,Non-binary,80.17.242.35,1991-01-10 22:18:50
506,Livvyy,Craigmile,lcraigmilee1@1und1.de,Non-binary,22.101.14.71,1973-12-14 06:50:52
507,Kristyn,Raddan,kraddane2@cornell.edu,Agender,34.188.4.242,1984-04-26 18:17:53
508,Seth,Sapey,ssapeye3@virginia.edu,Polygender,184.71.6.6,1987-11-13 16:48:33
509,Pascale,Ouslem,pousleme4@nyu.edu,Male,131.81.71.59,1990-06-15 17:59:54
510,Staffard,Delyth,sdelythe5@cam.ac.uk,Female,122.168.39.253,1985-05-10 03:33:43
511,Zacharias,Elsey,zelseye6@zdnet.com,Genderqueer,31.30.21.153,1970-11-19 14:27:53
512,Arnaldo,Christensen,achristensene7@deliciousdays.com,Agender,210.119.112.124,1970-06-30 16:24:48
513,Cherin,Goodin,cgoodine8@stumbleupon.com,Female,252.182.82.55,1971-08-20 01:36:41
514,Pierette,Winsor,pwinsore9@canalblog.com,Genderfluid,88.9.203.217,1989-07-31 15:35:37
515,Arther,Mace,amaceea@google.de,Genderqueer,56.11.115.236,1992-07-14 19:17:36
516,Carce,Exer,cexereb@typepad.com,Bigender,226.143.105.202,1996-01-27 17:46:50
517,Jermaine,Danett,jdanettec@cnn.com,Male,129.64.94.2,1987-09-03 03:19:41
518,Marnia,Klimkin,mklimkined@tmall.com,Female,174.138.81.109,1996-05-02 14:55:00
519,Darnall,Brolechan,dbrolechanee@ucoz.ru,Bigender,54.252.40.183,1981-08-15 08:44:12
520,Perry,Annell,pannellef@unc.edu,Genderqueer,253.207.111.32,1971-08-06 06:43:52
521,Martguerita,Bachellier,mbachelliereg@webmd.com,Genderfluid,59.224.194.245,1973-02-21 02:00:35
522,Isac,Corck,icorckeh@canalblog.com,Genderfluid,128.67.166.107,1973-08-16 01:18:12
523,Theodosia,Karoly,tkarolyei@epa.gov,Bigender,21.222.81.248,1982-12-04 21:54:50
524,Cammy,Corradeschi,ccorradeschiej@delicious.com,Male,244.4.23.117,1987-05-24 01:30:00
525,Tiphani,Biggen,tbiggenek@ezinearticles.com,Genderqueer,239.66.2.27,1985-12-30 18:47:44
526,Thoma,Cattini,tcattiniel@usatoday.com,Agender,244.123.36.169,1999-01-14 19:47:48
527,Bennett,Scullion,bscullionem@spiegel.de,Female,163.46.102.166,1993-06-29 00:09:08
528,Dunc,Dunkinson,ddunkinsonen@about.com,Female,195.174.235.111,1973-07-07 17:36:24
529,Axel,Banbridge,abanbridgeeo@shareasale.com,Agender,9.21.253.50,1981-03-21 18:32:59
530,Alick,Aberchirder,aaberchirderep@ibm.com,Bigender,200.156.98.186,1970-10-15 03:01:13
531,Megan,Ravilus,mraviluseq@fastcompany.com,Genderfluid,104.164.148.94,1983-05-24 10:14:48
532,Farrand,McLenaghan,fmclenaghaner@ocn.ne.jp,Polygender,32.170.178.216,1997-12-17 02:37:30
533,Leeland,Waldren,lwaldrenes@census.gov,Agender,66.128.24.65,1986-09-26 09:52:21
534,Lorrayne,McCay,lmccayet@i2i.jp,Polygender,88.143.111.220,1992-04-25 16:11:49
535,Elga,Bathurst,ebathursteu@vkontakte.ru,Genderqueer,184.153.152.191,1970-09-25 11:36:43
536,Martha,Wolfarth,mwolfarthev@dion.ne.jp,Male,53.77.84.88,1982-01-12 21:04:04
537,Albrecht,Carass,acarassew@chron.com,Polygender,226.112.89.83,1999-08-21 06:14:01
538,Austen,Mc Meekin,amcmeekinex@ftc.gov,Non-binary,237.7.72.244,1972-07-05 13:39:55
539,Julita,Yeatman,jyeatmaney@who.int,Non-binary,127.47.66.79,1975-12-20 11:33:17
540,Caryl,Percifull,cpercifullez@icio.us,Genderfluid,52.242.85.4,1996-11-29 20:01:44
541,Murry,Dikles,mdiklesf0@dmoz.org,Bigender,19.108.255.184,1984-04-10 22:38:36
542,Allix,Fencott,afencottf1@behance.net,Female,214.35.77.74,1997-05-30 21:07:05
543,Rickert,Pioch,rpiochf2@guardian.co.uk,Non-binary,137.217.215.183,1997-09-13 03:45:26
544,Eldridge,Corro,ecorrof3@istockphoto.com,Female,153.232.77.0,1978-09-28 12:15:20
545,Allis,Matkin,amatkinf4@amazon.com,Non-binary,164.1.178.195,1979-11-07 05:14:06
546,Thea,Maffini,tmaffinif5@altervista.org,Female,74.85.230.9,1970-12-09 17:22:46
547,Ninette,Gellately,ngellatelyf6@howstuffworks.com,Agender,187.200.105.236,1994-05-08 09:17:21
548,Elsie,Cumber,ecumberf7@phpbb.com,Agender,43.15.240.39,1980-08-08 13:21:23
549,Gonzalo,Reiach,greiachf8@nifty.com,Non-binary,160.114.113.153,1985-04-05 09:52:02
550,Gwenni,Wiffen,gwiffenf9@netlog.com,Bigender,206.10.211.78,1988-12-16 16:49:09
551,Devonna,Bellerby,dbellerbyfa@cpanel.net,Non-binary,156.163.61.177,1972-07-25 05:16:41
552,Fara,Pavek,fpavekfb@china.com.cn,Non-binary,200.109.1.219,1997-10-15 00:09:18
553,Leontyne,Mungham,lmunghamfc@upenn.edu,Female,8.237.20.205,1980-06-22 10:27:53
554,Nicol,Veel,nveelfd@ezinearticles.com,Bigender,31.158.170.226,1983-04-27 05:35:39
555,Dale,Neising,dneisingfe@symantec.com,Male,63.173.87.130,1972-07-25 23:20:21
556,Theodore,Gadault,tgadaultff@noaa.gov,Polygender,138.232.156.198,1998-08-02 08:18:27
557,Lockwood,Stonelake,lstonelakefg@aol.com,Agender,95.161.188.11,1974-01-30 18:10:35
558,Brendan,Atthow,batthowfh@seesaa.net,Female,94.183.1.162,1998-04-21 16:18:30
559,Joby,Jankovsky,jjankovskyfi@ustream.tv,Polygender,245.252.31.211,1996-03-08 11:38:20
560,Magdalena,Tressler,mtresslerfj@cisco.com,Polygender,188.224.118.34,1989-07-02 15:53:47
561,Merry,Lemon,mlemonfk@telegraph.co.uk,Genderfluid,39.93.228.247,1975-12-12 00:24:49
562,Skip,McClurg,smcclurgfl@gizmodo.com,Male,172.160.50.81,1974-10-02 07:11:26
563,Adaline,Given,agivenfm@cam.ac.uk,Agender,91.255.110.153,1986-02-09 11:57:31
564,Westbrooke,Conybear,wconybearfn@globo.com,Non-binary,244.167.184.94,1982-05-07 20:36:25
565,Titos,Ghidini,tghidinifo@histats.com,Male,17.36.109.127,1987-05-02 09:03:22
566,Gabriela,Fiddiman,gfiddimanfp@forbes.com,Bigender,130.4.85.128,1997-10-19 02:27:43
567,Modesty,Ingerson,mingersonfq@pagesperso-orange.fr,Genderqueer,165.205.53.226,1993-05-12 01:36:57
568,Domini,Maine,dmainefr@usgs.gov,Agender,24.138.13.80,1974-10-27 19:05:58
569,Maxi,Steffens,msteffensfs@live.com,Genderqueer,142.117.119.234,1974-01-02 11:03:37
570,Romona,Craven,rcravenft@paginegialle.it,Polygender,91.6.154.65,1987-06-02 13:33:43
571,Shoshanna,Leemans,sleemansfu@bigcartel.com,Agender,120.224.213.116,1990-11-10 09:33:51
572,Bernadette,Fincham,bfinchamfv@dailymail.co.uk,Female,2.37.81.53,1983-09-16 20:08:55
573,Moises,Rumens,mrumensfw@wunderground.com,Polygender,150.242.245.110,1998-05-31 07:38:25
574,Caresse,Thams,cthamsfx@discuz.net,Genderqueer,84.146.242.4,1978-07-19 02:55:00
575,Giorgio,Scarlin,gscarlinfy@issuu.com,Genderqueer,150.92.150.92,1975-02-07 17:27:13
576,Devin,Muckley,dmuckleyfz@soup.io,Genderqueer,28.218.106.154,1974-10-26 13:45:50
577,Dyann,Godmer,dgodmerg0@nymag.com,Non-binary,170.24.138.66,1974-12-08 05:12:16
578,Algernon,McMillian,amcmilliang1@jigsy.com,Non-binary,221.243.92.7,1996-07-20 11:17:31
579,Kahlil,Gonnard,kgonnardg2@nature.com,Agender,138.247.113.230,1985-09-29 06:34:59
580,Madella,Whates,mwhatesg3@sogou.com,Female,22.19.107.63,1977-07-31 20:34:32
581,Delano,Patley,dpatleyg4@time.com,Bigender,186.203.96.201,1985-11-13 04:12:00
582,Crysta,Menel,cmenelg5@google.nl,Female,121.83.78.93,1991-08-06 21:19:45
583,Ketti,Wrigley,kwrigleyg6@vistaprint.com,Agender,13.218.137.199,1985-04-30 08:58:01
584,Morgen,Kermit,mkermitg7@mysql.com,Polygender,71.237.153.11,1998-08-16 12:20:31
585,Roderic,Kinson,rkinsong8@yale.edu,Genderqueer,148.16.16.210,1988-03-16 20:10:25
586,Dara,Mizzi,dmizzig9@chron.com,Bigender,166.120.202.172,1985-02-14 20:47:03
587,Camel,Fawlkes,cfawlkesga@booking.com,Genderqueer,138.209.64.211,1987-08-29 11:59:29
588,Rafaela,Mepsted,rmepstedgb@washingtonpost.com,Male,15.125.145.252,1972-06-16 22:05:34
589,Stanly,Gemelli,sgemelligc@noaa.gov,Polygender,49.65.127.214,1973-10-05 22:00:23
590,Gabriel,Frickey,gfrickeygd@businessinsider.com,Genderqueer,172.7.68.93,1999-12-26 07:59:12
591,Zacharia,Tyt,ztytge@bloglines.com,Non-binary,188.42.44.104,1999-12-10 02:41:14
592,Terese,Feitosa,tfeitosagf@sina.com.cn,Non-binary,215.253.124.161,1986-09-22 10:45:14
593,Wilton,Trood,wtroodgg@ifeng.com,Polygender,184.52.55.234,1994-04-30 14:54:07
594,Brew,Emlin,bemlingh@techcrunch.com,Male,77.22.0.36,1988-01-01 22:15:33
595,Hilton,Edmeades,hedmeadesgi@omniture.com,Male,114.17.193.80,1997-01-10 23:15:28
596,Richart,MacAndrew,rmacandrewgj@admin.ch,Bigender,157.57.14.153,1996-03-26 15:16:54
597,Lisbeth,McLean,lmcleangk@accuweather.com,Genderqueer,241.24.10.135,1987-12-24 14:53:55
598,Thomasin,Hanshaw,thanshawgl@ehow.com,Polygender,200.83.62.124,1993-06-27 16:40:01
599,Cornall,Catherall,ccatherallgm@netscape.com,Genderqueer,211.233.151.71,1991-05-14 06:40:29
600,Gerianne,Fidgin,gfidgingn@weibo.com,Genderqueer,50.60.191.122,1999-10-27 11:41:37
601,Honey,Roskam,hroskamgo@cbsnews.com,Genderfluid,231.119.53.67,1980-03-06 23:43:14
602,Roxine,Allott,rallottgp@github.io,Non-binary,108.9.217.139,1985-04-29 23:52:09
603,Adelbert,Stebbings,astebbingsgq@arizona.edu,Bigender,179.81.160.40,1973-08-04 23:19:24
604,Ashien,Shackel,ashackelgr@unicef.org,Genderqueer,50.34.31.104,1978-03-22 06:06:05
605,Car,Dmych,cdmychgs@tripod.com,Genderfluid,112.129.228.154,1975-02-28 03:37:08
606,Birdie,Canby,bcanbygt@csmonitor.com,Agender,139.186.58.18,1976-11-28 20:13:37
607,Traver,Pingston,tpingstongu@yahoo.co.jp,Male,141.152.93.26,1996-11-03 16:44:14
608,Edin,Collough,ecolloughgv@bigcartel.com,Genderfluid,59.31.31.45,1972-03-19 22:21:31
609,Zack,Jerzyk,zjerzykgw@hostgator.com,Polygender,97.241.131.51,1993-08-20 08:05:30
610,Bert,Blest,bblestgx@jimdo.com,Genderfluid,198.56.176.131,1995-02-23 18:49:56
611,Toni,Baalham,tbaalhamgy@sohu.com,Female,106.132.248.235,1997-12-28 20:30:06
612,Andrus,Bridgewater,abridgewatergz@cocolog-nifty.com,Polygender,19.7.235.178,1994-02-25 07:52:04
613,Lincoln,Boliver,lboliverh0@ning.com,Female,194.137.28.225,1990-08-26 11:48:20
614,Toinette,L'Episcopi,tlepiscopih1@narod.ru,Genderqueer,152.110.136.173,1977-04-08 12:03:11
615,Vivianna,Girardetti,vgirardettih2@nps.gov,Male,19.81.108.233,1980-09-19 20:46:02
616,Maurizio,Hebbard,mhebbardh3@ameblo.jp,Female,211.238.108.244,1990-05-30 16:10:23
617,Umberto,Lathy,ulathyh4@networkadvertising.org,Male,195.108.189.212,1980-08-28 05:41:59
618,Ethelbert,Trotton,etrottonh5@dmoz.org,Genderfluid,128.133.59.177,1995-07-27 09:06:00
619,Zebulen,Lavell,zlavellh6@pcworld.com,Non-binary,124.216.224.161,1979-09-09 10:16:28
620,Hersch,Winckles,hwincklesh7@dot.gov,Genderqueer,173.158.188.237,1994-03-04 04:54:07
621,Rochelle,Seiler,rseilerh8@jalbum.net,Male,115.204.168.130,1984-04-05 19:17:17
622,Parker,Busfield,pbusfieldh9@cornell.edu,Male,174.109.92.113,1993-10-17 22:32:22
623,Balduin,Runnett,brunnettha@yahoo.co.jp,Female,145.233.176.99,1987-04-08 08:27:01
624,Marylynne,Lardge,mlardgehb@cisco.com,Genderqueer,222.47.89.123,1993-12-12 02:53:51
625,Payton,Dewan,pdewanhc@mtv.com,Polygender,151.203.195.206,1999-03-29 02:30:14
626,Almeda,Nolot,anolothd@photobucket.com,Polygender,47.129.88.41,1977-10-05 10:13:04
627,Orin,Penritt,openritthe@com.com,Bigender,151.43.163.50,1982-09-04 12:13:20
628,Harmon,Elldred,helldredhf@google.de,Female,96.30.58.174,1980-04-28 20:36:40
629,Perry,Abramsky,pabramskyhg@phpbb.com,Genderqueer,179.200.237.13,1998-02-22 07:21:51
630,Katuscha,Wolfe,kwolfehh@deviantart.com,Genderqueer,137.37.118.174,1978-03-31 03:19:07
631,Trueman,Sheard,tsheardhi@slate.com,Bigender,134.216.154.70,1981-07-16 12:54:30
632,Eyde,Fudger,efudgerhj@canalblog.com,Genderqueer,11.7.90.123,1982-08-09 21:44:51
633,Zane,Ferson,zfersonhk@dailymotion.com,Bigender,111.72.139.188,1973-08-25 08:55:38
634,Ilaire,Jandac,ijandachl@ezinearticles.com,Female,45.157.241.157,1992-03-30 19:35:12
635,Constanta,Murfin,cmurfinhm@tripadvisor.com,Genderqueer,32.10.169.22,1989-01-17 14:49:12
636,Odey,Gilmour,ogilmourhn@arstechnica.com,Polygender,228.8.206.142,1988-07-19 23:07:38
637,Biddie,Holdworth,bholdworthho@networkadvertising.org,Female,151.20.131.7,1979-06-22 09:01:53
638,Michel,Simmins,msimminshp@bloglovin.com,Polygender,141.145.142.100,1989-02-21 21:57:38
639,Jeanna,Windeatt,jwindeatthq@mtv.com,Female,229.234.152.113,1989-03-10 18:51:49
640,Fanchon,Ranking,frankinghr@mail.ru,Genderqueer,20.236.36.31,1978-02-09 20:13:53
641,Brok,Rodolf,brodolfhs@wordpress.org,Male,227.161.162.171,1973-01-10 09:14:32
642,Kristos,Motten,kmottenht@ycombinator.com,Non-binary,84.41.105.246,1993-03-23 16:27:49
643,Abba,Lidbetter,alidbetterhu@forbes.com,Male,72.133.228.184,1996-11-12 18:46:02
644,Willy,Dumbrell,wdumbrellhv@ucoz.com,Agender,204.118.134.152,1975-08-25 08:46:09
645,Anjela,Fewings,afewingshw@netlog.com,Polygender,104.163.194.76,1972-04-25 11:50:26
646,Kennedy,McCrackan,kmccrackanhx@yolasite.com,Bigender,154.83.82.164,1975-12-12 22:25:37
647,Ansell,Dooman,adoomanhy@facebook.com,Agender,55.14.220.240,1995-05-10 15:02:49
648,Sherline,Lipyeat,slipyeathz@w3.org,Genderqueer,29.95.26.85,1987-05-30 02:32:51
649,Nikkie,Hallock,nhallocki0@squidoo.com,Polygender,100.115.179.22,1971-10-21 00:40:04
650,Burgess,Scorer,bscoreri1@jimdo.com,Agender,184.1.170.121,1982-08-23 10:37:11
651,Lavena,Woods,lwoodsi2@spotify.com,Genderfluid,69.81.142.239,1980-12-07 19:11:54
652,Adam,Anfrey,aanfreyi3@altervista.org,Genderqueer,106.209.56.144,1972-11-23 04:55:46
653,Eugenie,Vanshin,evanshini4@ihg.com,Male,192.177.157.220,1978-11-15 07:35:17
654,Teddy,Hallan,thallani5@ebay.co.uk,Male,20.85.37.79,1988-03-23 18:25:58
655,Chrysa,L'Hommee,clhommeei6@tuttocitta.it,Polygender,3.24.172.133,1977-10-24 00:51:29
656,Audrey,Tunny,atunnyi7@businessweek.com,Male,54.76.233.0,1988-02-11 07:14:23
657,Kirbie,Thorn,kthorni8@amazon.de,Male,145.20.63.96,1983-12-28 16:54:31
658,Roselle,Kumar,rkumari9@geocities.com,Genderqueer,193.63.108.5,1973-03-30 21:31:58
659,Zara,Dallicoat,zdallicoatia@dagondesign.com,Non-binary,222.6.245.119,1997-04-16 22:01:43
660,Aubert,De Rye Barrett,aderyebarrettib@t.co,Bigender,104.254.181.36,1973-07-21 19:15:12
661,Lindsey,Minger,lmingeric@cnbc.com,Non-binary,128.162.79.217,1983-12-25 01:15:58
662,Rosamund,Pallis,rpallisid@ebay.com,Genderfluid,98.132.201.226,1996-05-04 07:22:37
663,Heall,Venn,hvennie@people.com.cn,Polygender,205.7.41.95,1993-04-05 11:24:30
664,Ilyssa,Gruszka,igruszkaif@wikia.com,Agender,231.79.169.207,1978-12-18 12:15:41
665,Delmor,Frantzeni,dfrantzeniig@ovh.net,Non-binary,12.99.43.16,1991-04-20 06:57:20
666,Zita,Penhall,zpenhallih@tinypic.com,Female,151.55.103.148,1992-08-21 07:56:35
667,Rube,Fawthrop,rfawthropii@soundcloud.com,Bigender,94.215.191.34,1989-04-19 15:52:24
668,Delaney,Shipton,dshiptonij@prlog.org,Genderfluid,162.105.120.236,1974-09-15 18:52:31
669,Matthew,Crocombe,mcrocombeik@prnewswire.com,Agender,235.222.110.150,1978-01-08 22:08:39
670,Jilly,Filyushkin,jfilyushkinil@sohu.com,Non-binary,174.83.130.228,1987-10-18 17:21:30
671,Cora,Pemble,cpembleim@unicef.org,Genderfluid,248.11.14.141,1974-05-24 06:12:34
672,Merola,Loughrey,mloughreyin@mashable.com,Non-binary,236.175.223.164,1973-10-25 11:00:30
673,Roxine,Atcherley,ratcherleyio@google.it,Male,136.50.144.36,1997-02-07 03:49:47
674,Kellyann,Waddington,kwaddingtonip@netlog.com,Male,238.46.125.126,1973-07-02 04:04:56
675,Leoine,Yushankin,lyushankiniq@jiathis.com,Agender,124.5.123.137,1982-03-23 14:55:49
676,Lilyan,Dumbellow,ldumbellowir@unesco.org,Non-binary,64.83.208.75,1974-07-06 20:03:15
677,Nance,Craufurd,ncraufurdis@google.es,Female,203.198.12.21,1994-10-11 16:35:05
678,Roldan,Finding,rfindingit@gmpg.org,Genderfluid,119.226.21.66,1998-01-01 23:23:11
679,Lucila,Creasey,lcreaseyiu@rediff.com,Genderfluid,37.149.7.190,1989-04-28 08:27:41
680,Cristabel,Cornil,ccorniliv@yahoo.co.jp,Non-binary,0.235.240.70,1976-04-15 06:41:22
681,Renaud,Deuss,rdeussiw@skype.com,Genderqueer,241.12.196.192,1977-12-17 04:10:40
682,Judy,Dartan,jdartanix@xinhuanet.com,Genderqueer,0.61.139.214,1983-03-27 18:24:37
683,Fulvia,Espada,fespadaiy@facebook.com,Genderqueer,63.0.33.240,1978-11-13 02:40:57
684,Yuma,Roll,yrolliz@jugem.jp,Non-binary,178.48.241.49,1977-03-13 04:03:12
685,Peter,Wilcockes,pwilcockesj0@boston.com,Male,15.164.212.222,1992-08-14 01:22:53
686,Rhodie,Prati,rpratij1@so-net.ne.jp,Bigender,168.88.16.5,1998-01-24 21:22:48
687,Kile,Paliser,kpaliserj2@europa.eu,Non-binary,84.116.166.239,1993-08-26 07:07:35
688,Winni,Kenealy,wkenealyj3@tumblr.com,Polygender,93.25.77.109,1998-07-11 18:16:44
689,Cleon,Scarman,cscarmanj4@prnewswire.com,Male,101.78.105.68,1996-12-07 13:33:47
690,Mercy,Musgrave,mmusgravej5@shop-pro.jp,Agender,173.102.34.193,1972-11-03 18:53:02
691,Sheela,Fick,sfickj6@jimdo.com,Agender,159.242.153.242,1995-07-03 09:05:54
692,Dahlia,Rabb,drabbj7@so-net.ne.jp,Female,159.177.75.4,1990-09-19 14:04:12
693,Audrye,Nobbs,anobbsj8@last.fm,Female,163.60.202.25,1983-02-05 13:43:52
694,Lurline,Gillise,lgillisej9@constantcontact.com,Agender,241.100.132.72,1990-11-30 17:59:07
695,Wilona,Wilacot,wwilacotja@utexas.edu,Polygender,158.81.101.179,1996-09-09 11:33:21
696,Durant,Carp,dcarpjb@omniture.com,Agender,24.58.155.35,1974-05-10 18:14:42
697,Jackqueline,Knock,jknockjc@amazon.de,Female,163.214.102.156,1985-08-28 20:54:56
698,Erda,Dunbabin,edunbabinjd@ask.com,Male,109.148.147.14,1999-04-03 11:19:40
699,Teresa,Greste,tgresteje@netlog.com,Polygender,223.112.184.240,1987-09-08 05:55:46
700,Wini,Dentith,wdentithjf@instagram.com,Non-binary,116.164.77.126,1973-10-18 06:49:05
701,Hermine,Growden,hgrowdenjg@networkadvertising.org,Polygender,248.59.83.40,1993-05-16 19:11:58
702,Asia,Bullingham,abullinghamjh@opensource.org,Agender,234.160.210.169,1971-06-22 00:46:46
703,Nevins,Vescovo,nvescovoji@yelp.com,Agender,186.69.79.100,1979-05-11 09:05:02
704,Carlene,Duesberry,cduesberryjj@ihg.com,Non-binary,120.211.93.22,1990-10-23 22:06:04
705,Miof mela,Gowar,mgowarjk@yale.edu,Agender,30.60.166.167,1974-02-23 23:11:35
706,Filia,Abley,fableyjl@gov.uk,Bigender,234.85.199.35,1996-01-03 12:39:51
707,Lois,MacCrosson,lmaccrossonjm@gravatar.com,Female,20.253.136.102,1990-01-21 16:20:18
708,Lynette,Soule,lsoulejn@parallels.com,Genderqueer,89.118.215.38,1981-07-28 21:48:40
709,Vidovik,Merwood,vmerwoodjo@ehow.com,Non-binary,2.195.90.121,1982-05-16 08:55:19
710,Genny,McEnery,gmceneryjp@bbb.org,Genderqueer,235.137.65.69,1976-09-05 23:07:48
711,Janot,Cheson,jchesonjq@sciencedirect.com,Bigender,235.8.206.221,1997-01-21 00:52:38
712,Ulberto,Pierse,upiersejr@ameblo.jp,Genderqueer,192.60.254.68,1987-08-02 08:58:51
713,Bradley,Wenman,bwenmanjs@microsoft.com,Male,140.224.157.227,1974-04-18 19:39:30
714,Vinson,Laidler,vlaidlerjt@miitbeian.gov.cn,Agender,68.194.105.175,1997-09-05 11:44:06
715,Abagael,Ivanov,aivanovju@answers.com,Female,157.156.144.229,1989-08-04 04:49:13
716,Abner,Scoggins,ascogginsjv@harvard.edu,Genderqueer,180.89.41.25,1998-01-26 09:44:30
717,Miller,Olland,mollandjw@gnu.org,Agender,234.29.193.205,1973-05-05 03:40:42
718,Walsh,Swindells,wswindellsjx@hibu.com,Polygender,168.198.223.172,1979-01-01 18:27:27
719,Cynthia,Ferroli,cferrolijy@utexas.edu,Genderqueer,94.36.39.1,1995-10-21 12:44:42
720,Palm,Meikle,pmeiklejz@cnet.com,Male,243.94.214.28,1978-07-27 09:04:41
721,Sayre,Di Meo,sdimeok0@freewebs.com,Female,181.151.49.168,1992-06-28 07:50:23
722,Karie,MacCaghan,kmaccaghank1@theatlantic.com,Non-binary,78.197.23.218,1973-12-12 04:43:55
723,Stevena,MacPike,smacpikek2@mediafire.com,Male,225.169.133.254,1998-08-27 02:16:29
724,Martyn,Yorston,myorstonk3@upenn.edu,Genderqueer,56.122.211.125,1987-08-04 13:58:49
725,Aura,Luety,aluetyk4@youtube.com,Genderfluid,91.52.223.92,1981-02-05 02:30:05
726,Magdalen,Hancock,mhancockk5@bloomberg.com,Non-binary,126.234.206.61,1992-08-05 16:14:09
727,Etty,Ferrick,eferrickk6@t.co,Genderqueer,96.8.238.213,1970-07-04 14:26:33
728,North,Conwell,nconwellk7@ibm.com,Bigender,141.146.144.12,1998-04-09 07:55:07
729,Lanita,Impy,limpyk8@e-recht24.de,Agender,190.30.123.17,1991-10-26 00:17:50
730,Claus,Vasiltsov,cvasiltsovk9@amazon.de,Genderfluid,41.31.33.52,1986-01-24 15:44:42
731,Annabel,Parsand,aparsandka@nih.gov,Polygender,60.151.215.187,1981-06-03 03:48:42
732,Carmen,Kehoe,ckehoekb@timesonline.co.uk,Genderqueer,65.120.23.96,1971-04-20 00:15:25
733,Ambrosi,Ambler,aamblerkc@de.vu,Bigender,245.155.113.98,1989-01-20 08:05:03
734,Patrice,Bride,pbridekd@mac.com,Polygender,202.106.82.114,1996-03-07 01:01:00
735,Martainn,Redley,mredleyke@pagesperso-orange.fr,Genderqueer,97.77.71.204,1989-01-21 01:20:47
736,Denna,Grimwood,dgrimwoodkf@nbcnews.com,Genderqueer,203.175.255.78,1986-07-29 16:29:32
737,Julita,Lacase,jlacasekg@independent.co.uk,Genderqueer,96.37.160.163,1987-01-14 11:25:12
738,Rafaelia,Lotterington,rlotteringtonkh@plala.or.jp,Polygender,193.86.178.0,1973-11-07 03:38:56
739,Gaston,Rupel,grupelki@ycombinator.com,Genderfluid,8.40.215.122,1987-06-10 13:05:26
740,Nadine,McShirrie,nmcshirriekj@whitehouse.gov,Agender,165.134.99.175,1976-03-15 16:43:28
741,Nikos,De Metz,ndemetzkk@youtu.be,Non-binary,141.217.184.25,1987-06-28 21:34:18
742,Ginnie,Klus,gkluskl@flavors.me,Female,117.118.147.245,1981-02-24 13:30:27
743,Janifer,Kropach,jkropachkm@vinaora.com,Female,15.62.148.187,1998-04-19 03:31:17
744,Anica,Lloyd-Williams,alloydwilliamskn@microsoft.com,Genderfluid,79.40.53.51,1984-12-25 16:29:41
745,Carola,Braferton,cbrafertonko@foxnews.com,Male,110.138.74.36,1991-11-26 08:18:01
746,Stanislaus,Maunton,smauntonkp@hibu.com,Female,119.72.110.130,1997-10-21 07:48:29
747,Andreas,Down,adownkq@github.io,Genderqueer,172.245.91.62,1995-12-09 10:48:20
748,Deni,Kleint,dkleintkr@hexun.com,Agender,145.250.110.30,1986-04-25 22:38:03
749,Louella,Kornel,lkornelks@yolasite.com,Agender,86.6.217.157,1989-01-12 16:53:10
750,Dela,Lindstedt,dlindstedtkt@bloglines.com,Genderqueer,23.41.152.164,1989-05-10 06:17:02
751,Rana,Hinz,rhinzku@ovh.net,Genderfluid,104.209.111.143,1999-11-01 02:33:19
752,Britt,Exer,bexerkv@wufoo.com,Bigender,65.247.148.98,1977-09-27 18:39:27
753,Dorey,Mohring,dmohringkw@globo.com,Bigender,245.252.170.163,1988-11-30 21:03:55
754,Patricia,Reck,preckkx@opera.com,Genderqueer,186.230.85.141,1990-11-24 03:10:30
755,Anabella,Crisall,acrisallky@sitemeter.com,Non-binary,212.11.171.17,1987-07-04 08:26:02
756,Von,Kener,vkenerkz@ow.ly,Genderfluid,209.216.106.207,1973-12-29 12:27:40
757,Ileane,Schooling,ischoolingl0@seesaa.net,Agender,15.244.160.194,1974-01-08 01:24:08
758,Judah,Chene,jchenel1@tuttocitta.it,Male,183.137.213.86,1994-10-16 16:26:18
759,Sigismund,Chomicki,schomickil2@businessinsider.com,Male,247.206.4.216,1998-12-02 02:52:15
760,Annie,Milne,amilnel3@reuters.com,Genderqueer,207.87.15.95,1974-03-03 13:09:11
761,Sarine,Sawyer,ssawyerl4@squarespace.com,Agender,92.120.84.27,1972-05-19 17:49:01
762,Riobard,Eckhard,reckhardl5@squarespace.com,Polygender,194.40.144.160,1978-03-14 03:54:51
763,Cora,De Bell,cdebelll6@webnode.com,Male,55.83.127.4,1972-11-19 02:44:53
764,Adan,Hartigan,ahartiganl7@weather.com,Genderqueer,167.243.246.238,1995-05-19 22:29:02
765,Mommy,Meneux,mmeneuxl8@fotki.com,Bigender,68.175.42.92,1973-04-02 17:50:19
766,Chantal,Cake,ccakel9@businessweek.com,Non-binary,81.197.4.181,1972-01-07 19:24:13
767,Bunny,Poynter,bpoynterla@paginegialle.it,Female,167.19.51.206,1982-06-26 21:53:04
768,Glyn,Gheeorghie,ggheeorghielb@cnbc.com,Genderqueer,172.234.221.235,1996-04-05 10:34:13
769,Janey,Balsom,jbalsomlc@shutterfly.com,Male,51.233.62.241,1980-09-25 09:17:10
770,Gwenora,Morfey,gmorfeyld@multiply.com,Genderqueer,229.115.17.170,1977-06-23 14:54:48
771,Candice,Comizzoli,ccomizzolile@goo.gl,Genderfluid,45.69.6.128,1981-12-30 01:48:25
772,Hinda,Crossman,hcrossmanlf@dell.com,Genderfluid,254.59.47.178,1983-12-17 14:01:58
773,Gabriell,Presswell,gpresswelllg@miibeian.gov.cn,Polygender,193.175.232.38,1987-01-07 17:47:36
774,Ezekiel,Stading,estadinglh@admin.ch,Genderfluid,251.68.67.73,1970-05-28 05:53:20
775,Phylys,Aloway,palowayli@smugmug.com,Genderqueer,19.204.27.166,1984-01-16 17:39:35
776,Dorrie,Brimacombe,dbrimacombelj@oracle.com,Female,58.167.120.228,1994-05-01 02:23:16
777,Rosamond,Wyett,rwyettlk@angelfire.com,Genderfluid,6.76.195.48,1975-08-23 07:43:07
778,Jeannie,Avraam,javraamll@sitemeter.com,Non-binary,235.71.233.63,1990-07-25 20:34:39
779,Harli,Philcock,hphilcocklm@elegantthemes.com,Male,115.17.235.176,1984-04-02 13:31:57
780,Perry,Sallery,psalleryln@cisco.com,Agender,73.44.114.36,1995-08-17 06:21:00
781,Alyosha,De Bischop,adebischoplo@mozilla.com,Genderfluid,133.243.135.214,1994-09-13 20:35:15
782,Elysha,Navein,enaveinlp@infoseek.co.jp,Female,82.224.133.6,1982-04-21 18:42:32
783,Wyatan,Gitthouse,wgitthouselq@w3.org,Agender,70.213.228.32,1975-06-21 06:06:34
784,Cynthy,Fatharly,cfatharlylr@timesonline.co.uk,Male,15.201.146.125,1989-04-22 09:32:00
785,Bernardine,Southcott,bsouthcottls@jalbum.net,Male,151.225.50.74,1981-09-03 15:50:23
786,Yasmin,Petrillo,ypetrillolt@studiopress.com,Non-binary,106.167.12.139,1980-11-09 02:04:13
787,Bria,Tousey,btouseylu@com.com,Genderqueer,82.57.71.241,1991-11-12 02:55:32
788,Christiano,Byart,cbyartlv@reddit.com,Polygender,84.144.251.248,1974-01-02 23:03:07
789,Merell,Darcy,mdarcylw@globo.com,Non-binary,60.233.126.41,1987-01-02 13:41:02
790,Ginnie,Akker,gakkerlx@vkontakte.ru,Agender,26.94.126.84,1973-09-12 05:07:19
791,Fransisco,McElrath,fmcelrathly@newyorker.com,Bigender,79.213.129.159,1986-01-22 11:16:19
792,Vikki,Wilbud,vwilbudlz@mozilla.org,Genderqueer,204.54.178.115,1977-08-29 20:04:01
793,Oliver,Lind,olindm0@squarespace.com,Polygender,225.143.218.76,1974-06-26 01:56:13
794,Minnaminnie,Paolazzi,mpaolazzim1@hao123.com,Female,153.198.130.213,1984-09-15 22:30:44
795,Ramon,Cosh,rcoshm2@answers.com,Bigender,42.13.151.232,1973-02-09 04:16:24
796,Aeriela,Prantl,aprantlm3@ucsd.edu,Female,70.12.235.189,1987-09-10 00:39:19
797,Steven,Minocchi,sminocchim4@globo.com,Bigender,144.86.162.254,1992-06-20 20:52:10
798,Andros,Bellsham,abellshamm5@tripod.com,Agender,98.0.233.86,1987-03-16 22:57:47
799,Dulciana,Serman,dsermanm6@ebay.co.uk,Polygender,230.55.182.135,1981-05-22 12:54:39
800,Audy,Wyd,awydm7@biglobe.ne.jp,Agender,137.16.29.164,1977-04-12 15:36:29
801,Sutherland,Mell,smellm8@wired.com,Female,50.34.94.156,1974-09-18 13:56:58
802,Ivette,Isakson,iisaksonm9@google.de,Agender,55.172.151.85,1991-09-08 06:03:19
803,Iain,Alu,ialuma@google.co.uk,Non-binary,1.108.81.173,1989-08-02 08:18:46
804,Lynea,Colebourne,lcolebournemb@patch.com,Polygender,203.41.193.234,1982-10-02 03:25:17
805,Alvinia,Lamprecht,alamprechtmc@devhub.com,Female,6.189.37.252,1990-03-09 00:51:10
806,Dominick,Harmant,dharmantmd@patch.com,Genderfluid,195.207.100.236,1981-12-09 19:57:19
807,Kelbee,Buxy,kbuxyme@parallels.com,Non-binary,198.135.66.176,1992-06-22 22:58:10
808,Ally,Andreou,aandreoumf@gnu.org,Genderfluid,180.24.71.239,1975-05-22 04:51:57
809,Joshua,Sancto,jsanctomg@woothemes.com,Agender,30.78.245.119,1980-09-22 11:45:38
810,Zachariah,Dast,zdastmh@vinaora.com,Male,224.65.60.238,1993-08-26 10:33:18
811,Boycey,Lyddyard,blyddyardmi@cbsnews.com,Non-binary,21.217.212.149,1981-06-27 20:19:37
812,Cal,Derham,cderhammj@google.es,Agender,141.239.127.60,1998-06-18 11:09:35
813,Simon,Anstie,sanstiemk@fastcompany.com,Genderqueer,173.2.132.141,1996-12-26 01:40:04
814,Jed,Seton,jsetonml@github.io,Agender,30.127.200.102,1970-10-23 08:51:32
815,Pierrette,Geeve,pgeevemm@aol.com,Genderqueer,252.59.95.170,1996-09-01 21:54:38
816,Lincoln,Presland,lpreslandmn@aboutads.info,Genderfluid,49.100.158.210,1974-11-28 06:21:15
817,Denyse,Bickersteth,dbickerstethmo@shop-pro.jp,Genderfluid,245.153.11.201,1976-11-13 21:09:43
818,Raynard,Gatcliff,rgatcliffmp@geocities.com,Agender,59.54.139.52,1992-06-22 07:19:28
819,Hamlen,Speir,hspeirmq@ehow.com,Polygender,15.203.158.179,1987-04-24 04:53:52
820,Agathe,Strethill,astrethillmr@marketwatch.com,Non-binary,68.240.210.225,1993-10-22 05:15:14
821,Fidelia,Da Costa,fdacostams@naver.com,Genderfluid,193.199.180.180,1983-05-23 13:09:02
822,Deeann,Gellately,dgellatelymt@fc2.com,Genderqueer,72.66.57.46,1990-06-29 21:50:10
823,Ivor,Stobbes,istobbesmu@theglobeandmail.com,Male,247.73.33.91,1993-01-20 09:18:08
824,Dov,Bowlands,dbowlandsmv@businessinsider.com,Bigender,176.123.27.161,1979-10-18 17:19:33
825,Reinhold,Dimsdale,rdimsdalemw@npr.org,Female,93.199.19.73,1975-02-26 08:52:17
826,Corie,Barcke,cbarckemx@reference.com,Male,40.171.107.135,1972-06-03 08:28:29
827,Ronna,Fenna,rfennamy@t-online.de,Bigender,117.100.58.146,1990-10-10 20:13:31
828,Shana,Cridge,scridgemz@amazon.co.jp,Female,201.125.151.234,1988-05-31 02:15:32
829,Phillipp,Shaves,pshavesn0@wordpress.org,Female,60.46.236.28,1975-08-17 03:45:58
830,Lesya,Rubertelli,lrubertellin1@quantcast.com,Agender,34.19.187.50,1971-06-07 03:28:10
831,Brear,Leverton,blevertonn2@naver.com,Genderfluid,33.70.225.224,1984-04-18 16:58:57
832,Helaine,McFeate,hmcfeaten3@hubpages.com,Non-binary,220.248.132.221,1974-10-07 21:20:50
833,Joan,Muxworthy,jmuxworthyn4@mozilla.com,Female,41.130.246.68,1974-09-23 21:50:39
834,Shayna,Etheridge,setheridgen5@ustream.tv,Genderqueer,195.79.185.113,1986-02-09 23:31:54
835,Darelle,Thornhill,dthornhilln6@sohu.com,Female,44.200.214.104,1997-04-10 00:52:17
836,Avril,Searles,asearlesn7@amazon.co.jp,Polygender,139.65.229.145,1994-06-07 20:07:44
837,Bran,Boken,bbokenn8@bigcartel.com,Genderfluid,117.71.23.97,1984-04-25 18:57:42
838,Raine,Tripney,rtripneyn9@sakura.ne.jp,Polygender,218.119.66.244,1970-10-23 20:22:20
839,Grant,Stranger,gstrangerna@dyndns.org,Genderqueer,146.169.141.109,1973-11-26 23:05:09
840,Lothario,Bendon,lbendonnb@xing.com,Genderqueer,161.241.135.29,1985-08-19 18:36:16
841,Walther,Hellicar,whellicarnc@slashdot.org,Genderqueer,34.99.242.232,1979-11-21 18:26:23
842,Baxter,Westgarth,bwestgarthnd@flavors.me,Female,250.55.128.222,1999-12-03 10:41:05
843,Jayme,De Bruijne,jdebruijnene@geocities.jp,Female,209.73.218.47,1994-04-05 15:08:43
844,Mersey,Patron,mpatronnf@chron.com,Female,243.179.196.225,1982-05-08 02:46:18
845,Tomasina,Goodband,tgoodbandng@youku.com,Genderqueer,125.51.53.107,1993-12-14 22:32:31
846,Odelia,Jeavons,ojeavonsnh@infoseek.co.jp,Genderfluid,227.4.72.138,1999-08-02 19:44:17
847,Willa,Danson,wdansonni@walmart.com,Bigender,6.109.126.0,1981-04-01 01:51:13
848,Clair,Kettridge,ckettridgenj@nationalgeographic.com,Bigender,27.26.193.186,1972-12-26 02:32:19
849,Kaylil,Bucke,kbuckenk@soundcloud.com,Female,43.82.65.32,1990-08-11 00:33:28
850,Cedric,Unthank,cunthanknl@istockphoto.com,Female,173.17.205.99,1979-06-10 11:18:19
851,Addy,Borrott,aborrottnm@usgs.gov,Bigender,141.115.77.66,1993-05-11 00:33:33
852,Cordelia,Dugget,cduggetnn@wp.com,Polygender,115.9.28.255,1985-02-22 11:25:20
853,Page,Sutlieff,psutlieffno@cbsnews.com,Non-binary,12.137.182.175,1993-06-11 01:11:12
854,Diandra,Jordanson,djordansonnp@miitbeian.gov.cn,Genderqueer,104.225.235.104,1981-02-20 18:22:56
855,Dasi,Dyerson,ddyersonnq@vkontakte.ru,Bigender,251.119.216.181,1998-12-21 05:59:05
856,Perle,McRonald,pmcronaldnr@ted.com,Genderqueer,82.213.112.104,1981-02-12 08:19:36
857,Gustav,Le Guin,gleguinns@unblog.fr,Polygender,198.28.222.144,1972-02-27 16:10:10
858,Barbe,Lansdowne,blansdownent@deviantart.com,Male,83.251.116.79,1990-04-15 17:48:29
859,Andrea,Decreuze,adecreuzenu@surveymonkey.com,Female,107.82.224.119,1976-02-29 15:48:52
860,Tabbi,Noah,tnoahnv@mtv.com,Agender,181.244.89.79,1972-08-08 22:48:14
861,Keen,Walton,kwaltonnw@cdc.gov,Agender,138.6.188.100,1976-09-22 17:09:36
862,Ximenez,Mallock,xmallocknx@hud.gov,Female,147.139.22.150,1981-11-09 21:30:13
863,Alastair,Tack,atackny@jiathis.com,Non-binary,147.205.236.42,1993-08-31 04:04:12
864,Jerrie,Richford,jrichfordnz@xrea.com,Bigender,200.146.36.129,1993-11-30 06:45:49
865,Jeannie,Bermingham,jberminghamo0@howstuffworks.com,Male,11.123.234.102,1988-06-23 10:34:21
866,Katine,Poynser,kpoynsero1@discovery.com,Agender,99.158.119.187,1974-10-23 14:10:16
867,Maurice,Lapham,mlaphamo2@bloomberg.com,Genderfluid,110.254.158.223,1976-12-18 03:37:44
868,Saloma,Itschakov,sitschakovo3@google.es,Non-binary,170.143.211.89,1988-11-22 04:36:05
869,Kinna,Latchmore,klatchmoreo4@google.de,Agender,68.107.51.69,1987-10-24 22:15:31
870,Lisetta,Columbell,lcolumbello5@friendfeed.com,Genderqueer,253.41.221.176,1992-08-05 14:51:27
871,Ezmeralda,Asche,eascheo6@topsy.com,Polygender,214.5.176.24,1983-08-03 00:19:16
872,Nevil,Extil,nextilo7@springer.com,Polygender,51.26.177.42,1972-09-05 14:48:27
873,Yvette,Petre,ypetreo8@admin.ch,Non-binary,82.176.162.249,1994-08-05 14:32:38
874,Gustaf,McCrow,gmccrowo9@ftc.gov,Polygender,163.220.101.88,1993-09-11 09:51:16
875,Tulley,Tunnock,ttunnockoa@xing.com,Male,244.64.78.222,1987-03-09 04:26:25
876,Emelen,Glowacz,eglowaczob@ning.com,Female,213.131.123.173,1987-01-09 19:22:29
877,Fenelia,Killiam,fkilliamoc@sina.com.cn,Polygender,185.250.185.191,1978-09-27 13:08:41
878,Clemence,MacAllaster,cmacallasterod@ca.gov,Genderfluid,219.97.27.48,1975-10-16 14:58:38
879,Sena,Presho,spreshooe@mayoclinic.com,Genderfluid,176.205.76.178,1993-08-01 19:33:35
880,Zena,Tummond,ztummondof@latimes.com,Non-binary,44.38.97.133,1974-11-08 18:09:29
881,Dorella,Pentony,dpentonyog@goodreads.com,Agender,245.69.49.12,1979-05-08 01:11:56
882,Alden,Queenborough,aqueenboroughoh@newyorker.com,Non-binary,120.187.72.6,1981-05-27 08:19:12
883,Joseph,Giovanitti,jgiovanittioi@addthis.com,Genderqueer,169.109.82.201,1971-01-10 01:33:14
884,Packston,Moakes,pmoakesoj@lulu.com,Female,116.42.44.202,1976-03-28 13:42:55
885,Alec,Tarburn,atarburnok@hatena.ne.jp,Male,38.33.94.164,1999-03-02 04:06:24
886,Ichabod,Dallimare,idallimareol@plala.or.jp,Bigender,146.13.182.142,1974-09-26 13:47:07
887,Trixy,Barthrop,tbarthropom@163.com,Female,207.184.236.161,1997-09-05 22:35:06
888,Shanon,Nurden,snurdenon@washington.edu,Agender,247.131.70.113,1983-06-09 12:18:51
889,Almira,Kilshall,akilshalloo@hostgator.com,Male,195.39.215.191,1998-08-14 15:56:57
890,Rae,Grumley,rgrumleyop@amazon.com,Agender,162.46.180.162,2000-01-16 23:54:42
891,Mariel,Coutts,mcouttsoq@diigo.com,Genderfluid,245.212.56.51,1973-05-24 23:22:20
892,Andonis,Willerstone,awillerstoneor@ask.com,Genderqueer,94.88.223.137,1991-09-26 13:31:20
893,Paulo,Natwick,pnatwickos@umn.edu,Polygender,43.202.84.48,1999-05-10 00:45:08
894,Etienne,Locarno,elocarnoot@cmu.edu,Agender,54.166.9.202,1987-08-02 23:16:59
895,Leanora,Hamal,lhamalou@ucsd.edu,Polygender,176.107.190.142,1981-12-22 19:33:49
896,Giovanna,Fynan,gfynanov@123-reg.co.uk,Bigender,174.246.163.228,1987-10-28 00:08:36
897,Martie,Raiment,mraimentow@nsw.gov.au,Genderqueer,66.0.74.70,1991-07-25 08:26:16
898,Doralynn,Meiklejohn,dmeiklejohnox@fotki.com,Genderqueer,139.250.22.14,1979-10-26 02:27:11
899,Allis,Artis,aartisoy@cloudflare.com,Female,202.78.52.170,1995-11-24 17:10:16
900,Orella,Pickwell,opickwelloz@linkedin.com,Female,235.11.157.213,1985-11-05 14:16:48
901,Christel,Dacca,cdaccap0@ucoz.com,Non-binary,45.90.124.46,1980-02-29 07:34:19
902,Kayle,Darbon,kdarbonp1@walmart.com,Polygender,154.88.161.205,1971-11-15 04:40:41
903,Marietta,Bynert,mbynertp2@hud.gov,Genderqueer,74.190.237.55,1975-11-04 17:07:05
904,Rafaelia,Rugg,rruggp3@spotify.com,Polygender,212.108.156.212,1986-11-11 04:36:49
905,Nanette,Clarey,nclareyp4@time.com,Bigender,104.175.83.130,1998-03-13 19:30:11
906,Artemus,Tomas,atomasp5@livejournal.com,Bigender,135.65.194.163,1975-12-26 12:13:32
907,Natty,Embling,nemblingp6@msu.edu,Non-binary,1.33.102.248,1990-07-31 22:02:43
908,Chauncey,Maddin,cmaddinp7@blog.com,Genderqueer,14.80.202.70,1994-11-23 14:05:30
909,Ludvig,Jendas,ljendasp8@archive.org,Genderqueer,71.91.105.174,1995-05-10 00:52:11
910,Gunilla,Abade,gabadep9@paginegialle.it,Genderfluid,131.125.175.168,1999-12-06 09:41:31
911,Giordano,McKeighan,gmckeighanpa@guardian.co.uk,Non-binary,231.249.32.41,1993-04-16 03:30:57
912,Fania,Wenger,fwengerpb@paypal.com,Agender,24.27.181.114,1989-09-17 14:31:39
913,Hollyanne,Straniero,hstranieropc@npr.org,Genderqueer,106.138.63.136,1987-05-26 01:57:50
914,Addi,Armsby,aarmsbypd@cdc.gov,Genderqueer,228.180.12.79,1994-06-19 01:18:18
915,Gaspard,Kasman,gkasmanpe@github.io,Genderfluid,201.183.146.223,1985-03-05 14:53:52
916,Arlan,Bermingham,aberminghampf@shop-pro.jp,Non-binary,36.79.139.193,1993-03-19 17:18:02
917,Basia,Clohissy,bclohissypg@unc.edu,Genderfluid,14.40.55.57,1995-03-01 21:10:34
918,Kylen,Rathbourne,krathbourneph@diigo.com,Polygender,213.28.13.211,1993-03-25 18:35:03
919,Howie,Hellwig,hhellwigpi@auda.org.au,Agender,188.38.118.77,1996-10-26 17:08:14
920,Kalie,Sidry,ksidrypj@miibeian.gov.cn,Genderfluid,211.86.73.94,1987-04-21 09:51:02
921,Emalee,Timothy,etimothypk@4shared.com,Polygender,205.120.228.15,1970-08-04 09:52:03
922,Clotilda,Comford,ccomfordpl@unicef.org,Male,101.49.65.102,1975-10-20 02:23:46
923,Elmo,Mossman,emossmanpm@bloomberg.com,Bigender,22.30.252.159,1976-07-22 14:05:32
924,Sonnnie,Binton,sbintonpn@xing.com,Male,31.49.232.131,1973-03-04 11:06:34
925,Enrico,Retallack,eretallackpo@stanford.edu,Male,133.93.108.250,1989-12-31 05:11:20
926,Todd,de Najera,tdenajerapp@wikispaces.com,Polygender,213.189.147.108,1986-10-17 14:47:57
927,Riccardo,Pieroni,rpieronipq@goo.gl,Genderfluid,80.18.18.205,1978-04-30 15:35:01
928,Prent,Bartolomeo,pbartolomeopr@un.org,Bigender,74.112.211.189,1976-09-25 21:52:07
929,Neron,Laxton,nlaxtonps@go.com,Bigender,30.177.82.28,1970-10-09 22:24:42
930,Cori,Webling,cweblingpt@indiatimes.com,Agender,77.62.136.248,1980-08-15 07:52:06
931,Murray,Foote,mfootepu@unblog.fr,Bigender,61.190.179.66,1971-04-11 10:44:41
932,Danya,Nolin,dnolinpv@csmonitor.com,Male,247.170.54.6,1989-10-08 13:32:54
933,Sheffie,Benton,sbentonpw@mail.ru,Female,216.74.37.236,1981-05-24 18:13:09
934,Elfrida,Abrams,eabramspx@devhub.com,Genderfluid,47.242.57.135,1991-03-08 05:33:48
935,Burty,Treweela,btreweelapy@miibeian.gov.cn,Genderqueer,43.180.73.81,1973-02-16 15:38:36
936,Wendeline,Keppe,wkeppepz@techcrunch.com,Bigender,226.138.170.213,1992-01-22 20:53:24
937,Kacie,Ridler,kridlerq0@wordpress.com,Genderqueer,192.240.112.29,1986-04-01 17:15:07
938,Pinchas,Morgans,pmorgansq1@jiathis.com,Non-binary,128.107.20.64,1982-05-11 08:46:38
939,Milly,Pagan,mpaganq2@irs.gov,Female,187.149.232.63,1992-10-08 07:26:01
940,Mala,Ielden,mieldenq3@mail.ru,Female,106.162.112.141,1973-03-17 17:22:16
941,Fax,Parradye,fparradyeq4@who.int,Agender,30.0.226.9,1992-11-04 07:40:17
942,Brnaby,Heggman,bheggmanq5@barnesandnoble.com,Bigender,253.240.133.68,1987-12-05 15:22:05
943,Claude,Wrout,cwroutq6@fotki.com,Genderqueer,230.39.246.216,1999-12-15 23:35:00
944,Merwyn,Vazquez,mvazquezq7@drupal.org,Bigender,214.35.28.45,1994-09-13 10:07:39
945,Vida,Dilnot,vdilnotq8@independent.co.uk,Bigender,119.56.204.70,1977-08-09 20:25:35
946,Terrel,Shrimptone,tshrimptoneq9@chron.com,Agender,203.17.75.18,1999-08-22 10:53:35
947,Rosco,Doran,rdoranqa@4shared.com,Male,107.9.163.69,1984-12-12 23:22:46
948,Cacilie,Bewshire,cbewshireqb@wunderground.com,Genderqueer,19.46.33.68,1979-11-01 10:15:52
949,Netti,Standring,nstandringqc@blogger.com,Male,175.53.88.179,1995-07-25 15:22:27
950,Lyn,McKenney,lmckenneyqd@hexun.com,Non-binary,167.22.40.244,1972-04-14 23:44:45
951,Frederik,Dionsetti,fdionsettiqe@apache.org,Female,213.42.6.32,1995-07-06 07:47:34
952,Vance,Titterton,vtittertonqf@washingtonpost.com,Polygender,134.1.225.128,1991-08-15 18:17:50
953,Gregorius,Tams,gtamsqg@cocolog-nifty.com,Female,187.10.231.66,1982-10-13 02:35:16
954,Ros,Inkpen,rinkpenqh@geocities.com,Female,246.219.59.233,1995-05-08 09:05:36
955,Jori,Laffan,jlaffanqi@addthis.com,Genderfluid,223.172.251.134,1986-03-16 01:36:06
956,Ginelle,Heazel,gheazelqj@alexa.com,Agender,25.156.76.67,1972-11-24 17:57:08
957,Corissa,Botfield,cbotfieldqk@simplemachines.org,Male,106.220.54.118,1970-04-05 08:56:59
958,Alisander,Calam,acalamql@mediafire.com,Male,180.206.223.63,1991-08-15 11:15:27
959,Bordie,Gyves,bgyvesqm@opera.com,Genderfluid,193.193.102.57,1971-12-19 06:21:00
960,Ailyn,MacCallam,amaccallamqn@geocities.jp,Non-binary,63.18.130.158,1993-04-25 23:20:21
961,Berna,Veque,bvequeqo@naver.com,Genderfluid,169.207.9.189,1982-01-20 04:23:16
962,Eleonora,Bouda,eboudaqp@fastcompany.com,Female,2.239.202.214,1993-07-20 00:17:58
963,Ilyssa,Galler,igallerqq@taobao.com,Agender,7.181.131.252,1972-10-25 10:36:54
964,Gal,Christiensen,gchristiensenqr@vistaprint.com,Genderfluid,59.177.89.31,1979-12-09 15:01:21
965,Evonne,Finnick,efinnickqs@biglobe.ne.jp,Bigender,253.104.48.186,1993-08-01 10:20:00
966,Neysa,Jackways,njackwaysqt@issuu.com,Agender,188.199.175.194,1997-05-11 01:15:58
967,Jordon,Giannasi,jgiannasiqu@nytimes.com,Polygender,1.229.226.24,1985-10-05 22:52:45
968,Chen,Storrah,cstorrahqv@usgs.gov,Male,205.230.199.93,1980-10-19 09:15:53
969,Orazio,Birchwood,obirchwoodqw@wiley.com,Genderfluid,28.220.19.152,1989-03-18 21:00:30
970,Nata,Vakhonin,nvakhoninqx@globo.com,Genderqueer,231.198.134.240,1986-12-07 20:04:26
971,Nettle,Sherebrook,nsherebrookqy@hhs.gov,Polygender,0.137.220.231,1985-03-24 09:03:03
972,Armin,Larcier,alarcierqz@addtoany.com,Non-binary,42.58.82.174,1999-11-25 13:36:57
973,Giacobo,Alywen,galywenr0@bigcartel.com,Genderfluid,191.137.137.32,1995-07-30 03:51:08
974,Vittoria,Champkin,vchampkinr1@guardian.co.uk,Genderqueer,41.209.111.197,1979-02-25 17:33:26
975,Margit,Salla,msallar2@reference.com,Non-binary,199.79.14.101,1986-06-01 21:34:39
976,Adelind,Aronoff,aaronoffr3@symantec.com,Female,36.63.49.81,1995-09-22 04:50:07
977,Hayyim,Roffey,hroffeyr4@soundcloud.com,Genderfluid,255.77.166.226,1971-08-19 22:02:03
978,Andi,Plank,aplankr5@printfriendly.com,Male,17.101.84.218,1978-11-12 20:28:25
979,Meg,Cavendish,mcavendishr6@yelp.com,Non-binary,95.219.142.192,1991-08-28 12:38:31
980,Moises,Artiss,martissr7@google.com.br,Female,225.138.51.90,1996-09-16 03:55:49
981,Jae,Simister,jsimisterr8@sciencedirect.com,Polygender,187.205.122.98,1989-09-23 14:21:43
982,Patten,Yoxen,pyoxenr9@amazonaws.com,Female,225.58.188.57,1992-05-05 19:22:09
983,Gonzales,Menlove,gmenlovera@ted.com,Genderfluid,52.12.103.254,1972-02-16 14:34:17
984,Allys,Luscombe,aluscomberb@cocolog-nifty.com,Female,218.85.208.58,1992-12-27 06:23:02
985,Hedi,Wilden,hwildenrc@ycombinator.com,Polygender,64.218.180.104,1973-03-14 19:44:32
986,Torey,Spruce,tsprucerd@goo.ne.jp,Genderqueer,57.191.241.131,1999-09-12 08:46:37
987,Roderigo,Cuddehay,rcuddehayre@accuweather.com,Non-binary,45.8.121.205,1970-05-10 22:35:15
988,Ichabod,Beardall,ibeardallrf@upenn.edu,Genderqueer,138.226.108.138,1994-01-15 10:50:13
989,Lonnie,Coburn,lcoburnrg@cbc.ca,Genderqueer,178.251.5.85,1971-03-10 15:03:46
990,Bennett,McIlvenna,bmcilvennarh@1688.com,Male,75.77.151.85,1980-10-20 09:45:11
991,Calla,Mattosoff,cmattosoffri@samsung.com,Polygender,180.185.77.107,1999-09-30 04:52:24
992,Vivienne,Gorst,vgorstrj@samsung.com,Genderfluid,74.1.16.120,1989-04-07 13:47:22
993,Morry,Dolder,mdolderrk@microsoft.com,Genderfluid,76.27.201.11,1992-06-12 23:00:01
994,Gilda,Olenichev,golenichevrl@hatena.ne.jp,Non-binary,110.48.163.31,1977-11-22 08:40:06
995,Elsey,Meadmore,emeadmorerm@arizona.edu,Bigender,141.212.157.221,1989-05-27 05:31:34
996,Christoper,Isaacson,cisaacsonrn@stumbleupon.com,Bigender,90.170.166.102,1973-03-10 17:22:20
997,Nelle,Joslin,njoslinro@state.gov,Male,116.114.205.174,1980-09-15 15:15:33
998,Deanna,Pardy,dpardyrp@howstuffworks.com,Male,127.144.201.94,1990-10-01 22:27:35
999,Linzy,Shafe,lshaferq@addthis.com,Genderfluid,81.56.210.151,1978-01-25 00:10:48
1000,Kippie,Uccelli,kuccellirr@chicagotribune.com,Genderqueer,107.76.110.149,1990-04-14 04:07:17
